source_path,label,source_dataset,is_synthetic,sha1,review_id,original_label,review_decision,split,prepared_path
/kaggle/working/maizeguard_v9_label_audit/raw_public_sources/CK-CNN/dataset/individual/impurity/0024.tiff,impurity,ck_cnn,False,91e7f3161aefcc98b03600b25b477f611756cc29,8a93fecb8067b03c,impurity,not_reviewed,test,/kaggle/working/maizeguard_v9_label_audit/maizeguard_ready_dataset/test/impurity/ck_cnn_impurity_000000.tiff
/kaggle/working/maizeguard_v9_label_audit/raw_public_sources/CK-CNN/dataset/individual/impurity/0041.tiff,impurity,ck_cnn,False,6993d4c99a5ab36c6f39bb2f9a249ff7392b6999,e5b09dbeaa43977a,impurity,not_reviewed,test,/kaggle/working/maizeguard_v9_label_audit/maizeguard_ready_dataset/test/impurity/ck_cnn_impurity_000001.tiff
/kaggle/working/maizeguard_v9_label_audit/raw_public_sources/CK-CNN/dataset/individual/broken/0019.tiff,broken,ck_cnn,False,5fd6ea4580798cdef065afa6ab61c3e4b20e7f5c,bc978a9062fc7627,broken,not_reviewed,train,/kaggle/working/maizeguard_v9_label_audit/maizeguard_ready_dataset/train/broken/ck_cnn_broken_000002.tiff
/kaggle/working/maizeguard_v9_label_audit/raw_public_sources/CK-CNN/dataset/individual/good/0115.tiff,good,ck_cnn,False,8d8508d3388ff9c6f265b44c9ab11f0643e64275,c6ab3048dc90a024,good,not_reviewed,val,/kaggle/working/maizeguard_v9_label_audit/maizeguard_ready_dataset/val/good/ck_cnn_good_000003.tiff
/kaggle/working/maizeguard_v9_label_audit/raw_public_sources/CK-CNN/dataset/individual/good/0097.tiff,good,ck_cnn,False,b36690cf6c45ff7c3a120b05c9c557806f58d38c,79bc1dbf831ac192,good,not_reviewed,train,/kaggle/working/maizeguard_v9_label_audit/maizeguard_ready_dataset/train/good/ck_cnn_good_000004.tiff
/kaggle/working/maizeguard_v9_label_audit/raw_public_sources/CK-CNN/dataset/individual/impurity/0046.tiff,impurity,ck_cnn,False,e5b45c3d1e03d5c97838a90a91d7273b6c087e03,47017d9dd9667225,impurity,not_reviewed,train,/kaggle/working/maizeguard_v9_label_audit/maizeguard_ready_dataset/train/impurity/ck_cnn_impurity_000005.tiff
/kaggle/working/maizeguard_v9_label_audit/raw_public_sources/CK-CNN/dataset/individual/rotten/0043.tiff,mold_risk,ck_cnn,False,8da2d3041ca91ae7265b5eba9634c3034ad2facf,2b60dd4460229b39,mold_risk,not_reviewed,train,/kaggle/working/maizeguard_v9_label_audit/maizeguard_ready_dataset/train/mold_risk/ck_cnn_mold_risk_000006.tiff
/kaggle/working/maizeguard_v9_label_audit/raw_public_sources/CK-CNN/dataset/individual/impurity/0050.tiff,impurity,ck_cnn,False,91042d4c41e84c091f6ef5245d49e0616d02a277,7a6da9f36530f2e0,impurity,not_reviewed,train,/kaggle/working/maizeguard_v9_label_audit/maizeguard_ready_dataset/train/impurity/ck_cnn_impurity_000007.tiff
/kaggle/working/maizeguard_v9_label_audit/raw_public_sources/CK-CNN/dataset/individual/broken/0054.tiff,broken,ck_cnn,False,fe9a5d0f3b6f6678adc67da76660f5802ec02578,52dd6cb39c5c54fc,broken,not_reviewed,train,/kaggle/working/maizeguard_v9_label_audit/maizeguard_ready_dataset/train/broken/ck_cnn_broken_000008.tiff
/kaggle/working/maizeguard_v9_label_audit/raw_public_sources/CK-CNN/dataset/individual/broken/0008.tiff,broken,ck_cnn,False,067c50bb5dd1b44653995d2dc178e5705ef853ac,f437f6d67791cea4,broken,not_reviewed,train,/kaggle/working/maizeguard_v9_label_audit/maizeguard_ready_dataset/train/broken/ck_cnn_broken_000009.tiff
/kaggle/working/maizeguard_v9_label_audit/raw_public_sources/CK-CNN/dataset/individual/impurity/0033.tiff,impurity,ck_cnn,False,61dfcdeb27de1d60ded2f6c4b14b737e136555af,b6d14b28a4f83899,impurity,not_reviewed,train,/kaggle/working/maizeguard_v9_label_audit/maizeguard_ready_dataset/train/impurity/ck_cnn_impurity_000010.tiff
/kaggle/working/maizeguard_v9_label_audit/raw_public_sources/CK-CNN/dataset/individual/good/0094.tiff,good,ck_cnn,False,af62231e15601638c77d35ea41e1e0e35682c9d3,caaa47118d7b836f,good,not_reviewed,test,/kaggle/working/maizeguard_v9_label_audit/maizeguard_ready_dataset/test/good/ck_cnn_good_000011.tiff
/kaggle/working/maizeguard_v9_label_audit/raw_public_sources/CK-CNN/dataset/individual/broken/0012.tiff,broken,ck_cnn,False,a93aaefb26171391d0b0972651dc58a273547bd2,8a20d0ff58f35474,broken,not_reviewed,test,/kaggle/working/maizeguard_v9_label_audit/maizeguard_ready_dataset/test/broken/ck_cnn_broken_000012.tiff
/kaggle/working/maizeguard_v9_label_audit/raw_public_sources/CK-CNN/dataset/individual/good/0072.tiff,good,ck_cnn,False,32f0c8b24a780f3ef2ce754bd0b49171a0edb8fa,82e7721a22904292,good,not_reviewed,val,/kaggle/working/maizeguard_v9_label_audit/maizeguard_ready_dataset/val/good/ck_cnn_good_000013.tiff
/kaggle/working/maizeguard_v9_label_audit/raw_public_sources/CK-CNN/dataset/individual/broken/0013.tiff,broken,ck_cnn,False,f437ff282194930b72140449b29fa665912c97b7,711bf62f89de0293,broken,not_reviewed,train,/kaggle/working/maizeguard_v9_label_audit/maizeguard_ready_dataset/train/broken/ck_cnn_broken_000014.tiff
/kaggle/working/maizeguard_v9_label_audit/raw_public_sources/CK-CNN/dataset/individual/good/0017.tiff,good,ck_cnn,False,7e0e27e383b52014cafe04fdaee5652255c51002,12f4a85f85fcc29b,good,not_reviewed,val,/kaggle/working/maizeguard_v9_label_audit/maizeguard_ready_dataset/val/good/ck_cnn_good_000015.tiff
/kaggle/working/maizeguard_v9_label_audit/raw_public_sources/CK-CNN/dataset/individual/rotten/0038.tiff,mold_risk,ck_cnn,False,238c596c841deb68ddd254cdb4ae7c049ef5d084,05515a7152d3e3c0,mold_risk,not_reviewed,train,/kaggle/working/maizeguard_v9_label_audit/maizeguard_ready_dataset/train/mold_risk/ck_cnn_mold_risk_000016.tiff
/kaggle/working/maizeguard_v9_label_audit/raw_public_sources/CK-CNN/dataset/individual/rotten/0048.tiff,mold_risk,ck_cnn,False,57afebd01acd1297a7ff89a8fa589d06168de8df,e2be2c982e633a1a,mold_risk,not_reviewed,train,/kaggle/working/maizeguard_v9_label_audit/maizeguard_ready_dataset/train/mold_risk/ck_cnn_mold_risk_000017.tiff
/kaggle/working/maizeguard_v9_label_audit/raw_public_sources/CK-CNN/dataset/individual/good/0045.tiff,good,ck_cnn,False,ec181c17e4499e8735d882c9c0c7ac1df177fdaf,a7080a1f8fb87eb4,good,not_reviewed,train,/kaggle/working/maizeguard_v9_label_audit/maizeguard_ready_dataset/train/good/ck_cnn_good_000018.tiff
/kaggle/working/maizeguard_v9_label_audit/raw_public_sources/CK-CNN/dataset/individual/good/0120.tiff,good,ck_cnn,False,9b87ba0482e46d9c70dae9d98141b84747a9e00c,c615b727445050f0,good,not_reviewed,train,/kaggle/working/maizeguard_v9_label_audit/maizeguard_ready_dataset/train/good/ck_cnn_good_000019.tiff
/kaggle/working/maizeguard_v9_label_audit/raw_public_sources/CK-CNN/dataset/individual/good/0062.tiff,good,ck_cnn,False,557a9aa447a7e92d9e9d70f3d703c7f051964148,3141f484898fcb31,good,not_reviewed,train,/kaggle/working/maizeguard_v9_label_audit/maizeguard_ready_dataset/train/good/ck_cnn_good_000020.tiff
/kaggle/working/maizeguard_v9_label_audit/raw_public_sources/CK-CNN/dataset/individual/good/0015.tiff,good,ck_cnn,False,0d8f50aed645d2038cdd52088694704cd7b012ab,c6cf373b33420cd4,good,not_reviewed,train,/kaggle/working/maizeguard_v9_label_audit/maizeguard_ready_dataset/train/good/ck_cnn_good_000021.tiff
/kaggle/working/maizeguard_v9_label_audit/raw_public_sources/CK-CNN/dataset/individual/good/0048.tiff,good,ck_cnn,False,3c862984d632ced63b81451248227d133e67ba70,1d089258ee061373,good,not_reviewed,val,/kaggle/working/maizeguard_v9_label_audit/maizeguard_ready_dataset/val/good/ck_cnn_good_000022.tiff
/kaggle/working/maizeguard_v9_label_audit/raw_public_sources/CK-CNN/dataset/individual/broken/0040.tiff,broken,ck_cnn,False,38b34947275c24216b212e80ffe95991ed3c49c5,8d2aab589e3fa7b0,broken,not_reviewed,train,/kaggle/working/maizeguard_v9_label_audit/maizeguard_ready_dataset/train/broken/ck_cnn_broken_000023.tiff
/kaggle/working/maizeguard_v9_label_audit/raw_public_sources/CK-CNN/dataset/individual/impurity/0034.tiff,impurity,ck_cnn,False,14e86494b8f1c2bd29937cbe9b944672688c32e8,5ab7ff0c0823ff35,impurity,not_reviewed,train,/kaggle/working/maizeguard_v9_label_audit/maizeguard_ready_dataset/train/impurity/ck_cnn_impurity_000024.tiff
/kaggle/working/maizeguard_v9_label_audit/raw_public_sources/CK-CNN/dataset/individual/broken/0039.tiff,broken,ck_cnn,False,30f4994e3f38536f077c01a3f8c94d302edbe9f3,f23129a462955b69,broken,not_reviewed,train,/kaggle/working/maizeguard_v9_label_audit/maizeguard_ready_dataset/train/broken/ck_cnn_broken_000025.tiff
/kaggle/working/maizeguard_v9_label_audit/raw_public_sources/CK-CNN/dataset/individual/rotten/0056.tiff,mold_risk,ck_cnn,False,7185645130be6e5b23a9ae206461fc120fd75719,b46a5ce50d963178,mold_risk,not_reviewed,val,/kaggle/working/maizeguard_v9_label_audit/maizeguard_ready_dataset/val/mold_risk/ck_cnn_mold_risk_000026.tiff
/kaggle/working/maizeguard_v9_label_audit/raw_public_sources/CK-CNN/dataset/individual/good/0026.tiff,good,ck_cnn,False,485dfce4cfb87c6c278ad4de8496c514de8e2e04,faec075acfe08348,good,not_reviewed,train,/kaggle/working/maizeguard_v9_label_audit/maizeguard_ready_dataset/train/good/ck_cnn_good_000027.tiff
/kaggle/working/maizeguard_v9_label_audit/raw_public_sources/CK-CNN/dataset/individual/good/0021.tiff,good,ck_cnn,False,e8c7dc4f126c5756c8ff19f6eb072e8a3ff0df4e,b49373adf6adca00,good,not_reviewed,train,/kaggle/working/maizeguard_v9_label_audit/maizeguard_ready_dataset/train/good/ck_cnn_good_000028.tiff
/kaggle/working/maizeguard_v9_label_audit/raw_public_sources/CK-CNN/dataset/individual/rotten/0035.tiff,mold_risk,ck_cnn,False,a6c2a10e2d5f68aef78d7f4c79212bf9a1091cf7,f154dce21e51b0de,mold_risk,not_reviewed,train,/kaggle/working/maizeguard_v9_label_audit/maizeguard_ready_dataset/train/mold_risk/ck_cnn_mold_risk_000029.tiff
/kaggle/working/maizeguard_v9_label_audit/raw_public_sources/CK-CNN/dataset/individual/broken/0030.tiff,broken,ck_cnn,False,2e9b22675169d311f1a6ccf34f7687878ce0b242,d8a47a3ac92a941e,broken,not_reviewed,val,/kaggle/working/maizeguard_v9_label_audit/maizeguard_ready_dataset/val/broken/ck_cnn_broken_000030.tiff
/kaggle/working/maizeguard_v9_label_audit/raw_public_sources/CK-CNN/dataset/individual/good/0009.tiff,good,ck_cnn,False,7f06526c763f8ab106bb2a40ab64c2a0241ab287,4b46fd8d5541f5a5,good,not_reviewed,train,/kaggle/working/maizeguard_v9_label_audit/maizeguard_ready_dataset/train/good/ck_cnn_good_000031.tiff
/kaggle/working/maizeguard_v9_label_audit/raw_public_sources/CK-CNN/dataset/individual/broken/0009.tiff,broken,ck_cnn,False,3c81afd0ebf2871b1e833479165e9156b2c4bbaa,0354b6a1a9e909d9,broken,not_reviewed,val,/kaggle/working/maizeguard_v9_label_audit/maizeguard_ready_dataset/val/broken/ck_cnn_broken_000032.tiff
/kaggle/working/maizeguard_v9_label_audit/raw_public_sources/CK-CNN/dataset/individual/good/0004.tiff,good,ck_cnn,False,995c79547d480c8a58144aa03aa746cc715891ca,c86d843fba947194,good,not_reviewed,train,/kaggle/working/maizeguard_v9_label_audit/maizeguard_ready_dataset/train/good/ck_cnn_good_000033.tiff
/kaggle/working/maizeguard_v9_label_audit/raw_public_sources/CK-CNN/dataset/individual/impurity/0025.tiff,impurity,ck_cnn,False,68347664bb5f8474ff652a4e68ba69008010ffa1,2b161febe9a02d58,impurity,not_reviewed,train,/kaggle/working/maizeguard_v9_label_audit/maizeguard_ready_dataset/train/impurity/ck_cnn_impurity_000034.tiff
/kaggle/working/maizeguard_v9_label_audit/raw_public_sources/CK-CNN/dataset/individual/broken/0047.tiff,broken,ck_cnn,False,48a9c95d3890fcb6f669153fc2c9d4b96a93655a,d1dd0cec29dda199,broken,not_reviewed,train,/kaggle/working/maizeguard_v9_label_audit/maizeguard_ready_dataset/train/broken/ck_cnn_broken_000035.tiff
/kaggle/working/maizeguard_v9_label_audit/raw_public_sources/CK-CNN/dataset/individual/good/0101.tiff,good,ck_cnn,False,2d0be2db0e2acd7de2f66df6e3942ba612cbe3a8,2662c528df6f2b26,good,not_reviewed,train,/kaggle/working/maizeguard_v9_label_audit/maizeguard_ready_dataset/train/good/ck_cnn_good_000036.tiff
/kaggle/working/maizeguard_v9_label_audit/raw_public_sources/CK-CNN/dataset/individual/good/0023.tiff,good,ck_cnn,False,a1f613ae4062f8282e533549f6db4b6143896a44,230ad7c319647f6f,good,not_reviewed,train,/kaggle/working/maizeguard_v9_label_audit/maizeguard_ready_dataset/train/good/ck_cnn_good_000037.tiff
/kaggle/working/maizeguard_v9_label_audit/raw_public_sources/CK-CNN/dataset/individual/good/0033.tiff,good,ck_cnn,False,84be43b024fb956371b0844908e76c7f17153679,fe9ddd74cc133839,good,not_reviewed,train,/kaggle/working/maizeguard_v9_label_audit/maizeguard_ready_dataset/train/good/ck_cnn_good_000038.tiff
/kaggle/working/maizeguard_v9_label_audit/raw_public_sources/CK-CNN/dataset/individual/impurity/0032.tiff,impurity,ck_cnn,False,849b40c278a87ea41bd23eef239845b3dde6c388,44d753738b313446,impurity,not_reviewed,train,/kaggle/working/maizeguard_v9_label_audit/maizeguard_ready_dataset/train/impurity/ck_cnn_impurity_000039.tiff
/kaggle/working/maizeguard_v9_label_audit/raw_public_sources/CK-CNN/dataset/individual/broken/0029.tiff,broken,ck_cnn,False,cc4bc9bc325efdeeba3a97ecc21faca6f05bc57d,19076d43f2d7c178,broken,not_reviewed,train,/kaggle/working/maizeguard_v9_label_audit/maizeguard_ready_dataset/train/broken/ck_cnn_broken_000040.tiff
/kaggle/working/maizeguard_v9_label_audit/raw_public_sources/CK-CNN/dataset/individual/broken/0031.tiff,broken,ck_cnn,False,2f0441429169f0d66d924523afe9e852ea9fb47e,cc02e3709395c238,broken,not_reviewed,train,/kaggle/working/maizeguard_v9_label_audit/maizeguard_ready_dataset/train/broken/ck_cnn_broken_000041.tiff
/kaggle/working/maizeguard_v9_label_audit/raw_public_sources/CK-CNN/dataset/individual/rotten/0028.tiff,mold_risk,ck_cnn,False,9f62271ce215db9a999d18cc9d3d487f547c6db0,ffb0a4d51eaf72c5,mold_risk,not_reviewed,train,/kaggle/working/maizeguard_v9_label_audit/maizeguard_ready_dataset/train/mold_risk/ck_cnn_mold_risk_000042.tiff
/kaggle/working/maizeguard_v9_label_audit/raw_public_sources/CK-CNN/dataset/individual/rotten/0033.tiff,mold_risk,ck_cnn,False,14bd109ff25865bc79f4d6f2b7b4cf4e0cfcbadc,48687f7ebef092d5,mold_risk,not_reviewed,test,/kaggle/working/maizeguard_v9_label_audit/maizeguard_ready_dataset/test/mold_risk/ck_cnn_mold_risk_000043.tiff
/kaggle/working/maizeguard_v9_label_audit/raw_public_sources/CK-CNN/dataset/individual/rotten/0057.tiff,mold_risk,ck_cnn,False,d6967516693b2bcbff725db32d80b56ab9e93a24,95cdf5b59d682e21,mold_risk,not_reviewed,test,/kaggle/working/maizeguard_v9_label_audit/maizeguard_ready_dataset/test/mold_risk/ck_cnn_mold_risk_000044.tiff
/kaggle/working/maizeguard_v9_label_audit/raw_public_sources/CK-CNN/dataset/individual/impurity/0035.tiff,impurity,ck_cnn,False,f7d680ee61b087ad144fc8a00491bb937da50621,6216947647c25b3c,impurity,not_reviewed,train,/kaggle/working/maizeguard_v9_label_audit/maizeguard_ready_dataset/train/impurity/ck_cnn_impurity_000045.tiff
/kaggle/working/maizeguard_v9_label_audit/raw_public_sources/CK-CNN/dataset/individual/rotten/0053.tiff,mold_risk,ck_cnn,False,f0e67d6aea6a1073e653f94f390bfbf5e18c5b9e,324bf66382c4f8a6,mold_risk,not_reviewed,train,/kaggle/working/maizeguard_v9_label_audit/maizeguard_ready_dataset/train/mold_risk/ck_cnn_mold_risk_000046.tiff
/kaggle/working/maizeguard_v9_label_audit/raw_public_sources/CK-CNN/dataset/individual/rotten/0045.tiff,mold_risk,ck_cnn,False,c4a4a69160e3063d854a72d5958d9227d0d28f58,4ac44478a81816a5,mold_risk,not_reviewed,train,/kaggle/working/maizeguard_v9_label_audit/maizeguard_ready_dataset/train/mold_risk/ck_cnn_mold_risk_000047.tiff
/kaggle/working/maizeguard_v9_label_audit/raw_public_sources/CK-CNN/dataset/individual/rotten/0034.tiff,mold_risk,ck_cnn,False,99df5919f1e94b62b5ac903954d4dc076c7ff25a,7f6b62b46ccb9508,mold_risk,not_reviewed,test,/kaggle/working/maizeguard_v9_label_audit/maizeguard_ready_dataset/test/mold_risk/ck_cnn_mold_risk_000048.tiff
/kaggle/working/maizeguard_v9_label_audit/raw_public_sources/CK-CNN/dataset/individual/rotten/0029.tiff,mold_risk,ck_cnn,False,9a228196f535e6d5a8bde7014b23135cd4ed53d1,61dff171d0347519,mold_risk,not_reviewed,val,/kaggle/working/maizeguard_v9_label_audit/maizeguard_ready_dataset/val/mold_risk/ck_cnn_mold_risk_000049.tiff
/kaggle/working/maizeguard_v9_label_audit/raw_public_sources/CK-CNN/dataset/individual/rotten/0017.tiff,mold_risk,ck_cnn,False,1adcfd9739cb1da7a07183545c1df1f434c3cbe8,6044a93d9415cdc5,mold_risk,not_reviewed,train,/kaggle/working/maizeguard_v9_label_audit/maizeguard_ready_dataset/train/mold_risk/ck_cnn_mold_risk_000050.tiff
/kaggle/working/maizeguard_v9_label_audit/raw_public_sources/CK-CNN/dataset/individual/broken/0053.tiff,broken,ck_cnn,False,645f8cc70b4fa0ba04b02bff9b07c7c4bc578934,2875858053ea7a23,broken,not_reviewed,test,/kaggle/working/maizeguard_v9_label_audit/maizeguard_ready_dataset/test/broken/ck_cnn_broken_000051.tiff
/kaggle/working/maizeguard_v9_label_audit/raw_public_sources/CK-CNN/dataset/individual/impurity/0007.tiff,impurity,ck_cnn,False,2571f0b7c0340e3ffd5b5e6c21a05ce662d70f07,6a5759ae772f50f8,impurity,not_reviewed,test,/kaggle/working/maizeguard_v9_label_audit/maizeguard_ready_dataset/test/impurity/ck_cnn_impurity_000052.tiff
/kaggle/working/maizeguard_v9_label_audit/raw_public_sources/CK-CNN/dataset/individual/broken/0018.tiff,broken,ck_cnn,False,b2270610362678fc57b12fe0bf458c91e78d0eaa,54644b0db3901cc5,broken,not_reviewed,val,/kaggle/working/maizeguard_v9_label_audit/maizeguard_ready_dataset/val/broken/ck_cnn_broken_000053.tiff
/kaggle/working/maizeguard_v9_label_audit/raw_public_sources/CK-CNN/dataset/individual/good/0111.tiff,good,ck_cnn,False,74e00cef7c2867e31923b1bccb4c3d581c804715,b8fbb0b357443176,good,not_reviewed,train,/kaggle/working/maizeguard_v9_label_audit/maizeguard_ready_dataset/train/good/ck_cnn_good_000054.tiff
/kaggle/working/maizeguard_v9_label_audit/raw_public_sources/CK-CNN/dataset/individual/broken/0005.tiff,broken,ck_cnn,False,212db655d98d3a561561848ae47120265e7dec79,569961c834ab3c3c,broken,not_reviewed,train,/kaggle/working/maizeguard_v9_label_audit/maizeguard_ready_dataset/train/broken/ck_cnn_broken_000055.tiff
/kaggle/working/maizeguard_v9_label_audit/raw_public_sources/CK-CNN/dataset/individual/broken/0051.tiff,broken,ck_cnn,False,83c8c32f32c53c5531fcd7bd540d7a72b0b369bb,14c93defa0a7de64,broken,not_reviewed,test,/kaggle/working/maizeguard_v9_label_audit/maizeguard_ready_dataset/test/broken/ck_cnn_broken_000056.tiff
/kaggle/working/maizeguard_v9_label_audit/raw_public_sources/CK-CNN/dataset/individual/good/0118.tiff,good,ck_cnn,False,edca1785363c44eb43eb571a9c801915542ae6b7,07dafa07edddeaae,good,not_reviewed,train,/kaggle/working/maizeguard_v9_label_audit/maizeguard_ready_dataset/train/good/ck_cnn_good_000057.tiff
/kaggle/working/maizeguard_v9_label_audit/raw_public_sources/CK-CNN/dataset/individual/good/0068.tiff,good,ck_cnn,False,3ff8cd53d20059f504b27b491c4b97500469e16f,ef41e56318bcbe6e,good,not_reviewed,train,/kaggle/working/maizeguard_v9_label_audit/maizeguard_ready_dataset/train/good/ck_cnn_good_000058.tiff
/kaggle/working/maizeguard_v9_label_audit/raw_public_sources/CK-CNN/dataset/individual/good/0016.tiff,good,ck_cnn,False,1ff467a0fbaf467f77c4868fb4b7e33926a186c6,80f40c71346643f2,good,not_reviewed,test,/kaggle/working/maizeguard_v9_label_audit/maizeguard_ready_dataset/test/good/ck_cnn_good_000059.tiff
/kaggle/working/maizeguard_v9_label_audit/raw_public_sources/CK-CNN/dataset/individual/broken/0050.tiff,broken,ck_cnn,False,8f91de829d9b37dc88842585f83e72a267dbd15f,6dcfdfc8cca90987,broken,not_reviewed,train,/kaggle/working/maizeguard_v9_label_audit/maizeguard_ready_dataset/train/broken/ck_cnn_broken_000060.tiff
/kaggle/working/maizeguard_v9_label_audit/raw_public_sources/CK-CNN/dataset/individual/rotten/0027.tiff,mold_risk,ck_cnn,False,462647d03778d40c8a1206132bc9634f79aee3ec,1317e2b9361994a2,mold_risk,not_reviewed,train,/kaggle/working/maizeguard_v9_label_audit/maizeguard_ready_dataset/train/mold_risk/ck_cnn_mold_risk_000061.tiff
/kaggle/working/maizeguard_v9_label_audit/raw_public_sources/CK-CNN/dataset/individual/good/0112.tiff,good,ck_cnn,False,e7f1e12a2362c4996b5fd9820fdefbd21c649c6d,436ebd847f9380b0,good,not_reviewed,train,/kaggle/working/maizeguard_v9_label_audit/maizeguard_ready_dataset/train/good/ck_cnn_good_000062.tiff
/kaggle/working/maizeguard_v9_label_audit/raw_public_sources/CK-CNN/dataset/individual/good/0013.tiff,good,ck_cnn,False,12c535b8aa1a2a6665f3fab2607953868702a536,0886d14d37e17696,good,not_reviewed,train,/kaggle/working/maizeguard_v9_label_audit/maizeguard_ready_dataset/train/good/ck_cnn_good_000063.tiff
/kaggle/working/maizeguard_v9_label_audit/raw_public_sources/CK-CNN/dataset/individual/rotten/0052.tiff,mold_risk,ck_cnn,False,13dae1101ec82bbe256496385462ea3fef7ebe14,64dbb0ae34a82db8,mold_risk,not_reviewed,train,/kaggle/working/maizeguard_v9_label_audit/maizeguard_ready_dataset/train/mold_risk/ck_cnn_mold_risk_000064.tiff
/kaggle/working/maizeguard_v9_label_audit/raw_public_sources/CK-CNN/dataset/individual/good/0040.tiff,good,ck_cnn,False,1c9f949378ad5ea973cc1f0b45506f04ac9252b5,8b92694ec15ef6ca,good,not_reviewed,test,/kaggle/working/maizeguard_v9_label_audit/maizeguard_ready_dataset/test/good/ck_cnn_good_000065.tiff
/kaggle/working/maizeguard_v9_label_audit/raw_public_sources/CK-CNN/dataset/individual/broken/0046.tiff,broken,ck_cnn,False,00687a786014a0d7c4bc705bb4d2197e73994415,1b792662edce66fe,broken,not_reviewed,train,/kaggle/working/maizeguard_v9_label_audit/maizeguard_ready_dataset/train/broken/ck_cnn_broken_000066.tiff
/kaggle/working/maizeguard_v9_label_audit/raw_public_sources/CK-CNN/dataset/individual/impurity/0003.tiff,impurity,ck_cnn,False,419017ea1d5f40b2abefdbacb1d9b27ad11748d0,b77a147d4bdce477,impurity,not_reviewed,train,/kaggle/working/maizeguard_v9_label_audit/maizeguard_ready_dataset/train/impurity/ck_cnn_impurity_000067.tiff
/kaggle/working/maizeguard_v9_label_audit/raw_public_sources/CK-CNN/dataset/individual/impurity/0010.tiff,impurity,ck_cnn,False,51ce6596e6386a91665a65b407e64302ab82d8b8,2edb4431a261a99b,impurity,not_reviewed,train,/kaggle/working/maizeguard_v9_label_audit/maizeguard_ready_dataset/train/impurity/ck_cnn_impurity_000068.tiff
/kaggle/working/maizeguard_v9_label_audit/raw_public_sources/CK-CNN/dataset/individual/impurity/0018.tiff,impurity,ck_cnn,False,461b650f6772aa004d9c9673cf69536e808f4d31,7de6bd2f30f4da9f,impurity,not_reviewed,train,/kaggle/working/maizeguard_v9_label_audit/maizeguard_ready_dataset/train/impurity/ck_cnn_impurity_000069.tiff
/kaggle/working/maizeguard_v9_label_audit/raw_public_sources/CK-CNN/dataset/individual/rotten/0036.tiff,mold_risk,ck_cnn,False,0c39bace7c54572894eed711dbeaa4687c8d0fdf,adbe792938277cf4,mold_risk,not_reviewed,train,/kaggle/working/maizeguard_v9_label_audit/maizeguard_ready_dataset/train/mold_risk/ck_cnn_mold_risk_000070.tiff
/kaggle/working/maizeguard_v9_label_audit/raw_public_sources/CK-CNN/dataset/individual/good/0002.tiff,good,ck_cnn,False,b552c5f7c610907ca97f59a1a213c0b037ac6c24,83e3aee5ebafdc29,good,not_reviewed,train,/kaggle/working/maizeguard_v9_label_audit/maizeguard_ready_dataset/train/good/ck_cnn_good_000071.tiff
/kaggle/working/maizeguard_v9_label_audit/raw_public_sources/CK-CNN/dataset/individual/broken/0043.tiff,broken,ck_cnn,False,077b5ac0e66afac856078ff7c244f6b8ad61aa68,b2c09d57cffabdd8,broken,not_reviewed,train,/kaggle/working/maizeguard_v9_label_audit/maizeguard_ready_dataset/train/broken/ck_cnn_broken_000072.tiff
/kaggle/working/maizeguard_v9_label_audit/raw_public_sources/CK-CNN/dataset/individual/good/0037.tiff,good,ck_cnn,False,7fecd5b10816ebd7f233152547e3179b71695d27,27ed7dc71deef7a4,good,not_reviewed,test,/kaggle/working/maizeguard_v9_label_audit/maizeguard_ready_dataset/test/good/ck_cnn_good_000073.tiff
/kaggle/working/maizeguard_v9_label_audit/raw_public_sources/CK-CNN/dataset/individual/impurity/0043.tiff,impurity,ck_cnn,False,4170a5201d56f84bbbb0a86891edf479c26a3407,056272291fbdbb20,impurity,not_reviewed,val,/kaggle/working/maizeguard_v9_label_audit/maizeguard_ready_dataset/val/impurity/ck_cnn_impurity_000074.tiff
/kaggle/working/maizeguard_v9_label_audit/raw_public_sources/CK-CNN/dataset/individual/good/0109.tiff,good,ck_cnn,False,a94369808a41c6f096a5a73837b5c11b9bd6c338,d13df58364fc5971,good,not_reviewed,train,/kaggle/working/maizeguard_v9_label_audit/maizeguard_ready_dataset/train/good/ck_cnn_good_000075.tiff
/kaggle/working/maizeguard_v9_label_audit/raw_public_sources/CK-CNN/dataset/individual/good/0096.tiff,good,ck_cnn,False,dab52aa79cffb448a2754acbe69f37cb559ec7c3,5702fc7e744e64cd,good,not_reviewed,train,/kaggle/working/maizeguard_v9_label_audit/maizeguard_ready_dataset/train/good/ck_cnn_good_000076.tiff
/kaggle/working/maizeguard_v9_label_audit/raw_public_sources/CK-CNN/dataset/individual/rotten/0010.tiff,mold_risk,ck_cnn,False,25ffee09d1de71662012f7911b6b8439defa7702,e57645510ecb5a1b,mold_risk,not_reviewed,train,/kaggle/working/maizeguard_v9_label_audit/maizeguard_ready_dataset/train/mold_risk/ck_cnn_mold_risk_000077.tiff
/kaggle/working/maizeguard_v9_label_audit/raw_public_sources/CK-CNN/dataset/individual/rotten/0002.tiff,mold_risk,ck_cnn,False,3cf9fea0a13fb6f8753f2a1005f5c3246eaad1a5,42e7c6dd34513027,mold_risk,not_reviewed,test,/kaggle/working/maizeguard_v9_label_audit/maizeguard_ready_dataset/test/mold_risk/ck_cnn_mold_risk_000078.tiff
/kaggle/working/maizeguard_v9_label_audit/raw_public_sources/CK-CNN/dataset/individual/good/0066.tiff,good,ck_cnn,False,f3d451ff094d81617faeba44225312d0a1cad94d,41a45af612ccb656,good,not_reviewed,train,/kaggle/working/maizeguard_v9_label_audit/maizeguard_ready_dataset/train/good/ck_cnn_good_000079.tiff
/kaggle/working/maizeguard_v9_label_audit/raw_public_sources/CK-CNN/dataset/individual/broken/0056.tiff,broken,ck_cnn,False,21991152914edd03c4f3ab4f203be05ed411eede,5e8e33e68fdb60c3,broken,not_reviewed,test,/kaggle/working/maizeguard_v9_label_audit/maizeguard_ready_dataset/test/broken/ck_cnn_broken_000080.tiff
/kaggle/working/maizeguard_v9_label_audit/raw_public_sources/CK-CNN/dataset/individual/broken/0052.tiff,broken,ck_cnn,False,53bb6087f2432ac5947c6483f37b0fdb166257e4,1a9be8f1a56b660f,broken,not_reviewed,train,/kaggle/working/maizeguard_v9_label_audit/maizeguard_ready_dataset/train/broken/ck_cnn_broken_000081.tiff
/kaggle/working/maizeguard_v9_label_audit/raw_public_sources/CK-CNN/dataset/individual/good/0056.tiff,good,ck_cnn,False,8f356b9f65c78a53adfeadf5a5cd38f3101d7e88,68ab41ec1f77dee1,good,not_reviewed,train,/kaggle/working/maizeguard_v9_label_audit/maizeguard_ready_dataset/train/good/ck_cnn_good_000082.tiff
/kaggle/working/maizeguard_v9_label_audit/raw_public_sources/CK-CNN/dataset/individual/broken/0057.tiff,broken,ck_cnn,False,9ac66a9b221b998e4c0dc56ba331bd81380b4116,a7ef17b668c1b3c2,broken,not_reviewed,train,/kaggle/working/maizeguard_v9_label_audit/maizeguard_ready_dataset/train/broken/ck_cnn_broken_000083.tiff
/kaggle/working/maizeguard_v9_label_audit/raw_public_sources/CK-CNN/dataset/individual/broken/0028.tiff,broken,ck_cnn,False,69cf507d8581bfcddd7f4cd321cc1a41b5393ed1,a3efcf0d9f62b64d,broken,not_reviewed,train,/kaggle/working/maizeguard_v9_label_audit/maizeguard_ready_dataset/train/broken/ck_cnn_broken_000084.tiff
/kaggle/working/maizeguard_v9_label_audit/raw_public_sources/CK-CNN/dataset/individual/good/0080.tiff,good,ck_cnn,False,ed523b782772926b3c8b91fc76714a80ac5e1912,07de18bf4990cbc2,good,not_reviewed,train,/kaggle/working/maizeguard_v9_label_audit/maizeguard_ready_dataset/train/good/ck_cnn_good_000085.tiff
/kaggle/working/maizeguard_v9_label_audit/raw_public_sources/CK-CNN/dataset/individual/good/0107.tiff,good,ck_cnn,False,f5be0575f6501b06a187b7bcc770cc2515e7ef98,c6f9f7c49ab006e9,good,not_reviewed,train,/kaggle/working/maizeguard_v9_label_audit/maizeguard_ready_dataset/train/good/ck_cnn_good_000086.tiff
/kaggle/working/maizeguard_v9_label_audit/raw_public_sources/CK-CNN/dataset/individual/broken/0034.tiff,broken,ck_cnn,False,fc54a8b292d56339cb0fb7eff88a3f6b524f410c,a2f5881ac79dbc06,broken,not_reviewed,train,/kaggle/working/maizeguard_v9_label_audit/maizeguard_ready_dataset/train/broken/ck_cnn_broken_000087.tiff
/kaggle/working/maizeguard_v9_label_audit/raw_public_sources/CK-CNN/dataset/individual/good/0076.tiff,good,ck_cnn,False,86a59acf989a294f80e0e6fc367fa1287c0936e1,1067c33c0f5f42ca,good,not_reviewed,test,/kaggle/working/maizeguard_v9_label_audit/maizeguard_ready_dataset/test/good/ck_cnn_good_000088.tiff
/kaggle/working/maizeguard_v9_label_audit/raw_public_sources/CK-CNN/dataset/individual/impurity/0040.tiff,impurity,ck_cnn,False,de0dd0a4992b73875249fac5977b1c8ddda8c4f5,9cf1bd2081b27d1d,impurity,not_reviewed,val,/kaggle/working/maizeguard_v9_label_audit/maizeguard_ready_dataset/val/impurity/ck_cnn_impurity_000089.tiff
/kaggle/working/maizeguard_v9_label_audit/raw_public_sources/CK-CNN/dataset/individual/impurity/0016.tiff,impurity,ck_cnn,False,5446ec20eb8c4e081463d7218680e8bd2adfd9b6,5a1004e50297c7c8,impurity,not_reviewed,train,/kaggle/working/maizeguard_v9_label_audit/maizeguard_ready_dataset/train/impurity/ck_cnn_impurity_000090.tiff
/kaggle/working/maizeguard_v9_label_audit/raw_public_sources/CK-CNN/dataset/individual/broken/0023.tiff,broken,ck_cnn,False,d4951df18f9bdbff6e60f95aefc208ea72af53d1,3afa9f7f26e1d158,broken,not_reviewed,train,/kaggle/working/maizeguard_v9_label_audit/maizeguard_ready_dataset/train/broken/ck_cnn_broken_000091.tiff
/kaggle/working/maizeguard_v9_label_audit/raw_public_sources/CK-CNN/dataset/individual/impurity/0026.tiff,impurity,ck_cnn,False,96578d6932cd25d98c4b8736adacbb1d83200f41,8fa59448c74685b6,impurity,not_reviewed,train,/kaggle/working/maizeguard_v9_label_audit/maizeguard_ready_dataset/train/impurity/ck_cnn_impurity_000092.tiff
/kaggle/working/maizeguard_v9_label_audit/raw_public_sources/CK-CNN/dataset/individual/good/0054.tiff,good,ck_cnn,False,18bdc25d522bd4b15fc142df193ec7e5c0bc0777,5577226ccfa492d5,good,not_reviewed,train,/kaggle/working/maizeguard_v9_label_audit/maizeguard_ready_dataset/train/good/ck_cnn_good_000093.tiff
/kaggle/working/maizeguard_v9_label_audit/raw_public_sources/CK-CNN/dataset/individual/impurity/0036.tiff,impurity,ck_cnn,False,3bb1f33efda4b6b0b2cb18a88aa347e83938fa6c,e8a28dd751a81eb6,impurity,not_reviewed,train,/kaggle/working/maizeguard_v9_label_audit/maizeguard_ready_dataset/train/impurity/ck_cnn_impurity_000094.tiff
/kaggle/working/maizeguard_v9_label_audit/raw_public_sources/CK-CNN/dataset/individual/impurity/0044.tiff,impurity,ck_cnn,False,ea6ba567295a99d8446d32e2966a0f77675c180f,fefe857a4b4854a5,impurity,not_reviewed,train,/kaggle/working/maizeguard_v9_label_audit/maizeguard_ready_dataset/train/impurity/ck_cnn_impurity_000095.tiff
/kaggle/working/maizeguard_v9_label_audit/raw_public_sources/CK-CNN/dataset/individual/good/0075.tiff,good,ck_cnn,False,0b2d6ed86e65333cd3eb3057c7562cf91e6e36d5,a649bc12d183cbbc,good,not_reviewed,train,/kaggle/working/maizeguard_v9_label_audit/maizeguard_ready_dataset/train/good/ck_cnn_good_000096.tiff
/kaggle/working/maizeguard_v9_label_audit/raw_public_sources/CK-CNN/dataset/individual/good/0027.tiff,good,ck_cnn,False,21e4223ff4f6785fba3fdd4b03a77249df3cdce8,071705305548c301,good,not_reviewed,val,/kaggle/working/maizeguard_v9_label_audit/maizeguard_ready_dataset/val/good/ck_cnn_good_000097.tiff
/kaggle/working/maizeguard_v9_label_audit/raw_public_sources/CK-CNN/dataset/individual/good/0108.tiff,good,ck_cnn,False,61bfdf5e0027d12c99246cb62ec142acfc3119d7,331c470e8fa80268,good,not_reviewed,train,/kaggle/working/maizeguard_v9_label_audit/maizeguard_ready_dataset/train/good/ck_cnn_good_000098.tiff
/kaggle/working/maizeguard_v9_label_audit/raw_public_sources/CK-CNN/dataset/individual/good/0001.tiff,good,ck_cnn,False,3bc9fdd74dce8e31e06ff0712e2adcb57dbde593,9b515cce0f28e249,good,not_reviewed,train,/kaggle/working/maizeguard_v9_label_audit/maizeguard_ready_dataset/train/good/ck_cnn_good_000099.tiff
/kaggle/working/maizeguard_v9_label_audit/raw_public_sources/CK-CNN/dataset/individual/broken/0006.tiff,broken,ck_cnn,False,fdf7dd7db9e8012d8587b007bf7957e9849f58ac,fcc01be8e1c8c3b6,broken,not_reviewed,test,/kaggle/working/maizeguard_v9_label_audit/maizeguard_ready_dataset/test/broken/ck_cnn_broken_000100.tiff
/kaggle/working/maizeguard_v9_label_audit/raw_public_sources/CK-CNN/dataset/individual/good/0119.tiff,good,ck_cnn,False,2b37c5f5164493af8551c33fcdfe6830919f4068,a8d121c911828b4f,good,not_reviewed,train,/kaggle/working/maizeguard_v9_label_audit/maizeguard_ready_dataset/train/good/ck_cnn_good_000101.tiff
/kaggle/working/maizeguard_v9_label_audit/raw_public_sources/CK-CNN/dataset/individual/good/0063.tiff,good,ck_cnn,False,1cb0254b905a1526a622466cd5e8501510f31f02,ac0d79f2e202faf7,good,not_reviewed,test,/kaggle/working/maizeguard_v9_label_audit/maizeguard_ready_dataset/test/good/ck_cnn_good_000102.tiff
/kaggle/working/maizeguard_v9_label_audit/raw_public_sources/CK-CNN/dataset/individual/good/0035.tiff,good,ck_cnn,False,9b0959c1f137dc3fca4f102582e75e4ae692177e,f9d0eb778de030f3,good,not_reviewed,test,/kaggle/working/maizeguard_v9_label_audit/maizeguard_ready_dataset/test/good/ck_cnn_good_000103.tiff
/kaggle/working/maizeguard_v9_label_audit/raw_public_sources/CK-CNN/dataset/individual/impurity/0017.tiff,impurity,ck_cnn,False,a50615222f0306fdb2db1163fc2be5c2e6a190b3,472cfa200b638bd3,impurity,not_reviewed,train,/kaggle/working/maizeguard_v9_label_audit/maizeguard_ready_dataset/train/impurity/ck_cnn_impurity_000104.tiff
/kaggle/working/maizeguard_v9_label_audit/raw_public_sources/CK-CNN/dataset/individual/good/0077.tiff,good,ck_cnn,False,a581288c6e88890d90d9a48e7f836598aa9ee823,628453a7160a245b,good,not_reviewed,val,/kaggle/working/maizeguard_v9_label_audit/maizeguard_ready_dataset/val/good/ck_cnn_good_000105.tiff
/kaggle/working/maizeguard_v9_label_audit/raw_public_sources/CK-CNN/dataset/individual/good/0069.tiff,good,ck_cnn,False,3cac6ccb5661365f48d1a2568ba32452f41fd5a7,a9312327856ba660,good,not_reviewed,test,/kaggle/working/maizeguard_v9_label_audit/maizeguard_ready_dataset/test/good/ck_cnn_good_000106.tiff
/kaggle/working/maizeguard_v9_label_audit/raw_public_sources/CK-CNN/dataset/individual/good/0022.tiff,good,ck_cnn,False,bfa130ae6f7b3a2ad5d384772a5073fe5b8f5179,6a29950d5c4bb817,good,not_reviewed,train,/kaggle/working/maizeguard_v9_label_audit/maizeguard_ready_dataset/train/good/ck_cnn_good_000107.tiff
/kaggle/working/maizeguard_v9_label_audit/raw_public_sources/CK-CNN/dataset/individual/good/0014.tiff,good,ck_cnn,False,60a1d2caf712cfbe237118d820d5237a14a2d753,807ef441ff2f5dfc,good,not_reviewed,train,/kaggle/working/maizeguard_v9_label_audit/maizeguard_ready_dataset/train/good/ck_cnn_good_000108.tiff
/kaggle/working/maizeguard_v9_label_audit/raw_public_sources/CK-CNN/dataset/individual/rotten/0060.tiff,mold_risk,ck_cnn,False,43651bb3f6090cd4df042953e0150213de4550a4,68a20939a1e9eb4c,mold_risk,not_reviewed,train,/kaggle/working/maizeguard_v9_label_audit/maizeguard_ready_dataset/train/mold_risk/ck_cnn_mold_risk_000109.tiff
/kaggle/working/maizeguard_v9_label_audit/raw_public_sources/CK-CNN/dataset/individual/good/0038.tiff,good,ck_cnn,False,41237031f513e14d04443b9cdbfedf47a691b871,34368a7624135f4e,good,not_reviewed,test,/kaggle/working/maizeguard_v9_label_audit/maizeguard_ready_dataset/test/good/ck_cnn_good_000110.tiff
/kaggle/working/maizeguard_v9_label_audit/raw_public_sources/CK-CNN/dataset/individual/good/0050.tiff,good,ck_cnn,False,92da27768f83cb2f8d2a8a9d80f2ac0ef1e651fc,1762809b2b2133a4,good,not_reviewed,val,/kaggle/working/maizeguard_v9_label_audit/maizeguard_ready_dataset/val/good/ck_cnn_good_000111.tiff
/kaggle/working/maizeguard_v9_label_audit/raw_public_sources/CK-CNN/dataset/individual/good/0104.tiff,good,ck_cnn,False,b965884fced1e841ede8167bd98ce2371faeaccc,b29fe6c9c6393e9b,good,not_reviewed,train,/kaggle/working/maizeguard_v9_label_audit/maizeguard_ready_dataset/train/good/ck_cnn_good_000112.tiff
/kaggle/working/maizeguard_v9_label_audit/raw_public_sources/CK-CNN/dataset/individual/broken/0049.tiff,broken,ck_cnn,False,697cf9543985cefaae2f1f3a12ebf3ed525c4857,dfbd68695e39e97f,broken,not_reviewed,train,/kaggle/working/maizeguard_v9_label_audit/maizeguard_ready_dataset/train/broken/ck_cnn_broken_000113.tiff
/kaggle/working/maizeguard_v9_label_audit/raw_public_sources/CK-CNN/dataset/individual/rotten/0024.tiff,mold_risk,ck_cnn,False,88bfef9b245db5b8a227e8369bdf8068e9af4cbd,b868124b68fc4402,mold_risk,not_reviewed,train,/kaggle/working/maizeguard_v9_label_audit/maizeguard_ready_dataset/train/mold_risk/ck_cnn_mold_risk_000114.tiff
/kaggle/working/maizeguard_v9_label_audit/raw_public_sources/CK-CNN/dataset/individual/good/0034.tiff,good,ck_cnn,False,a8c9e8ba7f9b59c1d1f20d6a8aa98f2cdfb1a4bc,4b5441828fac028a,good,not_reviewed,train,/kaggle/working/maizeguard_v9_label_audit/maizeguard_ready_dataset/train/good/ck_cnn_good_000115.tiff
/kaggle/working/maizeguard_v9_label_audit/raw_public_sources/CK-CNN/dataset/individual/broken/0044.tiff,broken,ck_cnn,False,ecb2fb660bec1f944859ebb521468cf03ba7f348,82e5ee170a4ea5ca,broken,not_reviewed,train,/kaggle/working/maizeguard_v9_label_audit/maizeguard_ready_dataset/train/broken/ck_cnn_broken_000116.tiff
/kaggle/working/maizeguard_v9_label_audit/raw_public_sources/CK-CNN/dataset/individual/good/0031.tiff,good,ck_cnn,False,110795301b95ac2a308b6d2c4e2a314ee0540a7e,bd6e66f2b322608a,good,not_reviewed,train,/kaggle/working/maizeguard_v9_label_audit/maizeguard_ready_dataset/train/good/ck_cnn_good_000117.tiff
/kaggle/working/maizeguard_v9_label_audit/raw_public_sources/CK-CNN/dataset/individual/good/0043.tiff,good,ck_cnn,False,08d2df7de0ed458fd0237cbe45b1b13437000e2c,d0f3985ed52231e6,good,not_reviewed,val,/kaggle/working/maizeguard_v9_label_audit/maizeguard_ready_dataset/val/good/ck_cnn_good_000118.tiff
/kaggle/working/maizeguard_v9_label_audit/raw_public_sources/CK-CNN/dataset/individual/good/0024.tiff,good,ck_cnn,False,2f5e9a191823406a3f8291b0b2da9c7796863c3e,a02bcfad9ea7d714,good,not_reviewed,train,/kaggle/working/maizeguard_v9_label_audit/maizeguard_ready_dataset/train/good/ck_cnn_good_000119.tiff
/kaggle/working/maizeguard_v9_label_audit/raw_public_sources/CK-CNN/dataset/individual/impurity/0047.tiff,impurity,ck_cnn,False,92972123b71d73ff07bd4eb05ff32a942149c050,ee574264171a2e08,impurity,not_reviewed,train,/kaggle/working/maizeguard_v9_label_audit/maizeguard_ready_dataset/train/impurity/ck_cnn_impurity_000120.tiff
/kaggle/working/maizeguard_v9_label_audit/raw_public_sources/CK-CNN/dataset/individual/impurity/0011.tiff,impurity,ck_cnn,False,74eaf2816f035cbe8f3e599d386ecb20023fa382,684f6644e77f3204,impurity,not_reviewed,train,/kaggle/working/maizeguard_v9_label_audit/maizeguard_ready_dataset/train/impurity/ck_cnn_impurity_000121.tiff
/kaggle/working/maizeguard_v9_label_audit/raw_public_sources/CK-CNN/dataset/individual/rotten/0058.tiff,mold_risk,ck_cnn,False,5beeb788e049d50c83ff5eaa4fd074602e9a7822,879aa5c23d9bcbdd,mold_risk,not_reviewed,val,/kaggle/working/maizeguard_v9_label_audit/maizeguard_ready_dataset/val/mold_risk/ck_cnn_mold_risk_000122.tiff
/kaggle/working/maizeguard_v9_label_audit/raw_public_sources/CK-CNN/dataset/individual/rotten/0046.tiff,mold_risk,ck_cnn,False,52a1544833b4a9a1e54486bc9f2a0220895833aa,c9b32751df53fed3,mold_risk,not_reviewed,train,/kaggle/working/maizeguard_v9_label_audit/maizeguard_ready_dataset/train/mold_risk/ck_cnn_mold_risk_000123.tiff
/kaggle/working/maizeguard_v9_label_audit/raw_public_sources/CK-CNN/dataset/individual/rotten/0044.tiff,mold_risk,ck_cnn,False,f9cc07dda6bd0c3abdcc2cf4325cd05b10cac5b8,c254a7bc93841a6b,mold_risk,not_reviewed,train,/kaggle/working/maizeguard_v9_label_audit/maizeguard_ready_dataset/train/mold_risk/ck_cnn_mold_risk_000124.tiff
/kaggle/working/maizeguard_v9_label_audit/raw_public_sources/CK-CNN/dataset/individual/broken/0003.tiff,broken,ck_cnn,False,33d469c4ab1cd09844ef697c6a2467b8943915af,02a6b4bcd2eabe27,broken,not_reviewed,train,/kaggle/working/maizeguard_v9_label_audit/maizeguard_ready_dataset/train/broken/ck_cnn_broken_000125.tiff
/kaggle/working/maizeguard_v9_label_audit/raw_public_sources/CK-CNN/dataset/individual/good/0100.tiff,good,ck_cnn,False,3a208bae29dc163c2c85ad5aecae4933dcc79c69,8173441420f0cddd,good,not_reviewed,train,/kaggle/working/maizeguard_v9_label_audit/maizeguard_ready_dataset/train/good/ck_cnn_good_000126.tiff
/kaggle/working/maizeguard_v9_label_audit/raw_public_sources/CK-CNN/dataset/individual/rotten/0019.tiff,mold_risk,ck_cnn,False,f9dce5d1a009a7d271a5fd888c8a7aa5bb882fa0,1c1f4e41a5b75b0c,mold_risk,not_reviewed,train,/kaggle/working/maizeguard_v9_label_audit/maizeguard_ready_dataset/train/mold_risk/ck_cnn_mold_risk_000127.tiff
/kaggle/working/maizeguard_v9_label_audit/raw_public_sources/CK-CNN/dataset/individual/good/0088.tiff,good,ck_cnn,False,f5ecd144cc25ac7d3cfe8324bebff53b1976ddee,f1c6f8d3723a1dbd,good,not_reviewed,train,/kaggle/working/maizeguard_v9_label_audit/maizeguard_ready_dataset/train/good/ck_cnn_good_000128.tiff
/kaggle/working/maizeguard_v9_label_audit/raw_public_sources/CK-CNN/dataset/individual/good/0052.tiff,good,ck_cnn,False,891b1dbc88f7e150c3624a8a9b92d13c0aa17da9,e3cc30a45694b8b3,good,not_reviewed,train,/kaggle/working/maizeguard_v9_label_audit/maizeguard_ready_dataset/train/good/ck_cnn_good_000129.tiff
/kaggle/working/maizeguard_v9_label_audit/raw_public_sources/CK-CNN/dataset/individual/rotten/0041.tiff,mold_risk,ck_cnn,False,a14fa734589b56e29e7aa37f79350da8cf488a2d,8dfc90c79f20b083,mold_risk,not_reviewed,train,/kaggle/working/maizeguard_v9_label_audit/maizeguard_ready_dataset/train/mold_risk/ck_cnn_mold_risk_000130.tiff
/kaggle/working/maizeguard_v9_label_audit/raw_public_sources/CK-CNN/dataset/individual/impurity/0027.tiff,impurity,ck_cnn,False,9c63c5ac03e67b5e5ef56594d56826440a44e223,6c6c293a1354ed21,impurity,not_reviewed,train,/kaggle/working/maizeguard_v9_label_audit/maizeguard_ready_dataset/train/impurity/ck_cnn_impurity_000131.tiff
/kaggle/working/maizeguard_v9_label_audit/raw_public_sources/CK-CNN/dataset/individual/rotten/0031.tiff,mold_risk,ck_cnn,False,a5642d4122c6a4c4ab2c93f6822873a773bc7f29,c02d2eaf546c9820,mold_risk,not_reviewed,test,/kaggle/working/maizeguard_v9_label_audit/maizeguard_ready_dataset/test/mold_risk/ck_cnn_mold_risk_000132.tiff
/kaggle/working/maizeguard_v9_label_audit/raw_public_sources/CK-CNN/dataset/individual/impurity/0012.tiff,impurity,ck_cnn,False,359977283ff49c4d4aa71d82ed319a046631c070,06a177a04c6e0243,impurity,not_reviewed,train,/kaggle/working/maizeguard_v9_label_audit/maizeguard_ready_dataset/train/impurity/ck_cnn_impurity_000133.tiff
/kaggle/working/maizeguard_v9_label_audit/raw_public_sources/CK-CNN/dataset/individual/impurity/0013.tiff,impurity,ck_cnn,False,255a762acb950a85a4a2902661ff33bafcab2d9b,c56eab8af64d832f,impurity,not_reviewed,val,/kaggle/working/maizeguard_v9_label_audit/maizeguard_ready_dataset/val/impurity/ck_cnn_impurity_000134.tiff
/kaggle/working/maizeguard_v9_label_audit/raw_public_sources/CK-CNN/dataset/individual/good/0087.tiff,good,ck_cnn,False,99eb21ee6ac7a2170fcb9b59ddf2108f15f75342,e3bdef3aaf970b03,good,not_reviewed,train,/kaggle/working/maizeguard_v9_label_audit/maizeguard_ready_dataset/train/good/ck_cnn_good_000135.tiff
/kaggle/working/maizeguard_v9_label_audit/raw_public_sources/CK-CNN/dataset/individual/broken/0025.tiff,broken,ck_cnn,False,e7033dcc1bddc67206491cbab8628904d81212e2,058553c1fcc39863,broken,not_reviewed,train,/kaggle/working/maizeguard_v9_label_audit/maizeguard_ready_dataset/train/broken/ck_cnn_broken_000136.tiff
/kaggle/working/maizeguard_v9_label_audit/raw_public_sources/CK-CNN/dataset/individual/rotten/0026.tiff,mold_risk,ck_cnn,False,c838abc2814437a5d2880e9b6c54ac391ec77419,96e3df1401d5f1b7,mold_risk,not_reviewed,val,/kaggle/working/maizeguard_v9_label_audit/maizeguard_ready_dataset/val/mold_risk/ck_cnn_mold_risk_000137.tiff
/kaggle/working/maizeguard_v9_label_audit/raw_public_sources/CK-CNN/dataset/individual/broken/0004.tiff,broken,ck_cnn,False,7cb237694b4ee695b687a4be6f4020315040f97f,9154916d2049ed41,broken,not_reviewed,test,/kaggle/working/maizeguard_v9_label_audit/maizeguard_ready_dataset/test/broken/ck_cnn_broken_000138.tiff
/kaggle/working/maizeguard_v9_label_audit/raw_public_sources/CK-CNN/dataset/individual/broken/0042.tiff,broken,ck_cnn,False,7486c573c9cb1cb34fe7528fcf91d5aae981b19e,3788f1f629794d79,broken,not_reviewed,train,/kaggle/working/maizeguard_v9_label_audit/maizeguard_ready_dataset/train/broken/ck_cnn_broken_000139.tiff
/kaggle/working/maizeguard_v9_label_audit/raw_public_sources/CK-CNN/dataset/individual/good/0117.tiff,good,ck_cnn,False,3c50384eb6f5c81680909b558cb45152bbb78a13,c8a5113be04b01f8,good,not_reviewed,train,/kaggle/working/maizeguard_v9_label_audit/maizeguard_ready_dataset/train/good/ck_cnn_good_000140.tiff
/kaggle/working/maizeguard_v9_label_audit/raw_public_sources/CK-CNN/dataset/individual/good/0114.tiff,good,ck_cnn,False,dfe9dc7fcdf6e1c05eafff8759e7791de0d04620,d342b1226b983694,good,not_reviewed,test,/kaggle/working/maizeguard_v9_label_audit/maizeguard_ready_dataset/test/good/ck_cnn_good_000141.tiff
/kaggle/working/maizeguard_v9_label_audit/raw_public_sources/CK-CNN/dataset/individual/good/0007.tiff,good,ck_cnn,False,82c21ab1b7a1a4de3c064a6ade5e121a41d1afe6,0e872d97f4664b0b,good,not_reviewed,train,/kaggle/working/maizeguard_v9_label_audit/maizeguard_ready_dataset/train/good/ck_cnn_good_000142.tiff
/kaggle/working/maizeguard_v9_label_audit/raw_public_sources/CK-CNN/dataset/individual/broken/0041.tiff,broken,ck_cnn,False,c09f642445b6121a000416dde4e196cc0ba52438,c173f843e85e9e54,broken,not_reviewed,test,/kaggle/working/maizeguard_v9_label_audit/maizeguard_ready_dataset/test/broken/ck_cnn_broken_000143.tiff
/kaggle/working/maizeguard_v9_label_audit/raw_public_sources/CK-CNN/dataset/individual/good/0055.tiff,good,ck_cnn,False,2c4feb92811644c81cae4b8f0ad27921ccb6cdb4,2821663ab205a63a,good,not_reviewed,train,/kaggle/working/maizeguard_v9_label_audit/maizeguard_ready_dataset/train/good/ck_cnn_good_000144.tiff
/kaggle/working/maizeguard_v9_label_audit/raw_public_sources/CK-CNN/dataset/individual/impurity/0029.tiff,impurity,ck_cnn,False,cb218c51dce1ec360ca5150a5b7353952fb78a02,881c82575bff4761,impurity,not_reviewed,train,/kaggle/working/maizeguard_v9_label_audit/maizeguard_ready_dataset/train/impurity/ck_cnn_impurity_000145.tiff
/kaggle/working/maizeguard_v9_label_audit/raw_public_sources/CK-CNN/dataset/individual/good/0046.tiff,good,ck_cnn,False,c962af672dcde860f58e0eca6a1ac8e95392a4ce,3927ae9e8693f3ba,good,not_reviewed,test,/kaggle/working/maizeguard_v9_label_audit/maizeguard_ready_dataset/test/good/ck_cnn_good_000146.tiff
/kaggle/working/maizeguard_v9_label_audit/raw_public_sources/CK-CNN/dataset/individual/impurity/0020.tiff,impurity,ck_cnn,False,e2b5580a47b39311a6da1d1f16b0846c458ebaab,7fde6022cfcff4e0,impurity,not_reviewed,val,/kaggle/working/maizeguard_v9_label_audit/maizeguard_ready_dataset/val/impurity/ck_cnn_impurity_000147.tiff
/kaggle/working/maizeguard_v9_label_audit/raw_public_sources/CK-CNN/dataset/individual/good/0060.tiff,good,ck_cnn,False,15328e2caff0e9081852d91a53ee216743994f8b,875de93e6ed235d7,good,not_reviewed,val,/kaggle/working/maizeguard_v9_label_audit/maizeguard_ready_dataset/val/good/ck_cnn_good_000148.tiff
/kaggle/working/maizeguard_v9_label_audit/raw_public_sources/CK-CNN/dataset/individual/impurity/0038.tiff,impurity,ck_cnn,False,13ce50a708b903089ec8510077a0aae8fba9c206,869d6e3a0243e5e9,impurity,not_reviewed,train,/kaggle/working/maizeguard_v9_label_audit/maizeguard_ready_dataset/train/impurity/ck_cnn_impurity_000149.tiff
/kaggle/working/maizeguard_v9_label_audit/raw_public_sources/CK-CNN/dataset/individual/good/0036.tiff,good,ck_cnn,False,e85b800a297403c5cba5e59b5c46949c6f99ac2f,c60ba8e6b9766674,good,not_reviewed,train,/kaggle/working/maizeguard_v9_label_audit/maizeguard_ready_dataset/train/good/ck_cnn_good_000150.tiff
/kaggle/working/maizeguard_v9_label_audit/raw_public_sources/CK-CNN/dataset/individual/impurity/0048.tiff,impurity,ck_cnn,False,d8137e2ce582c0ba6bfeb4a52e939888eeb181b2,d212bfcaa3ebae86,impurity,not_reviewed,train,/kaggle/working/maizeguard_v9_label_audit/maizeguard_ready_dataset/train/impurity/ck_cnn_impurity_000151.tiff
/kaggle/working/maizeguard_v9_label_audit/raw_public_sources/CK-CNN/dataset/individual/good/0020.tiff,good,ck_cnn,False,9c6d6bfed9483a84aa0c9d452836c7ebce989aba,f5baa8d4437e322c,good,not_reviewed,val,/kaggle/working/maizeguard_v9_label_audit/maizeguard_ready_dataset/val/good/ck_cnn_good_000152.tiff
/kaggle/working/maizeguard_v9_label_audit/raw_public_sources/CK-CNN/dataset/individual/rotten/0047.tiff,mold_risk,ck_cnn,False,277191101b4634bfdbf116bce5311d204e67d4ac,79dd650f52c326b6,mold_risk,not_reviewed,train,/kaggle/working/maizeguard_v9_label_audit/maizeguard_ready_dataset/train/mold_risk/ck_cnn_mold_risk_000153.tiff
/kaggle/working/maizeguard_v9_label_audit/raw_public_sources/CK-CNN/dataset/individual/good/0003.tiff,good,ck_cnn,False,418546e3bebbe51ce701c3f853c18cced7dcfbc0,cd70a447e366a757,good,not_reviewed,val,/kaggle/working/maizeguard_v9_label_audit/maizeguard_ready_dataset/val/good/ck_cnn_good_000154.tiff
/kaggle/working/maizeguard_v9_label_audit/raw_public_sources/CK-CNN/dataset/individual/good/0105.tiff,good,ck_cnn,False,9a0633f43c3b42c165337d615232220658103194,b2ff87d82c30893e,good,not_reviewed,train,/kaggle/working/maizeguard_v9_label_audit/maizeguard_ready_dataset/train/good/ck_cnn_good_000155.tiff
/kaggle/working/maizeguard_v9_label_audit/raw_public_sources/CK-CNN/dataset/individual/good/0051.tiff,good,ck_cnn,False,959c4e6fac887805ae4d50ebf0b3e0a5b2cc430f,23d52b7498777fc1,good,not_reviewed,train,/kaggle/working/maizeguard_v9_label_audit/maizeguard_ready_dataset/train/good/ck_cnn_good_000156.tiff
/kaggle/working/maizeguard_v9_label_audit/raw_public_sources/CK-CNN/dataset/individual/good/0086.tiff,good,ck_cnn,False,041811a4b73428825d61a9e77c133e270783a029,c3a428842900f6bc,good,not_reviewed,train,/kaggle/working/maizeguard_v9_label_audit/maizeguard_ready_dataset/train/good/ck_cnn_good_000157.tiff
/kaggle/working/maizeguard_v9_label_audit/raw_public_sources/CK-CNN/dataset/individual/good/0018.tiff,good,ck_cnn,False,f4d430d33e9eea9f09fea14742a0028c3c64b5d6,0f4b0a15eca1600e,good,not_reviewed,test,/kaggle/working/maizeguard_v9_label_audit/maizeguard_ready_dataset/test/good/ck_cnn_good_000158.tiff
/kaggle/working/maizeguard_v9_label_audit/raw_public_sources/CK-CNN/dataset/individual/good/0110.tiff,good,ck_cnn,False,34c34316c1d4bfe6eed2752af3d0244f3903f11e,3b246d66b88838ef,good,not_reviewed,train,/kaggle/working/maizeguard_v9_label_audit/maizeguard_ready_dataset/train/good/ck_cnn_good_000159.tiff
/kaggle/working/maizeguard_v9_label_audit/raw_public_sources/CK-CNN/dataset/individual/rotten/0025.tiff,mold_risk,ck_cnn,False,f3b5b299ec78b8f2660499269fca196813d0eb7d,0521d7a38d18c9ea,mold_risk,not_reviewed,train,/kaggle/working/maizeguard_v9_label_audit/maizeguard_ready_dataset/train/mold_risk/ck_cnn_mold_risk_000160.tiff
/kaggle/working/maizeguard_v9_label_audit/raw_public_sources/CK-CNN/dataset/individual/broken/0035.tiff,broken,ck_cnn,False,8939840df94cbb470801cacc209113a7044f64ae,e649afe10de501d1,broken,not_reviewed,train,/kaggle/working/maizeguard_v9_label_audit/maizeguard_ready_dataset/train/broken/ck_cnn_broken_000161.tiff
/kaggle/working/maizeguard_v9_label_audit/raw_public_sources/CK-CNN/dataset/individual/impurity/0006.tiff,impurity,ck_cnn,False,241cf87cb4a01206c4f69f31ac9586af37caf8d6,31c76819509e0339,impurity,not_reviewed,test,/kaggle/working/maizeguard_v9_label_audit/maizeguard_ready_dataset/test/impurity/ck_cnn_impurity_000162.tiff
/kaggle/working/maizeguard_v9_label_audit/raw_public_sources/CK-CNN/dataset/individual/good/0090.tiff,good,ck_cnn,False,199c3db77da1143a0da2d808ee6dfbdcaf43bc31,004e039284f16136,good,not_reviewed,train,/kaggle/working/maizeguard_v9_label_audit/maizeguard_ready_dataset/train/good/ck_cnn_good_000163.tiff
/kaggle/working/maizeguard_v9_label_audit/raw_public_sources/CK-CNN/dataset/individual/impurity/0005.tiff,impurity,ck_cnn,False,78e0cea9a812b96be1c56d484a9b4e57d9ddbf03,25fa9ed69146fdca,impurity,not_reviewed,val,/kaggle/working/maizeguard_v9_label_audit/maizeguard_ready_dataset/val/impurity/ck_cnn_impurity_000164.tiff
/kaggle/working/maizeguard_v9_label_audit/raw_public_sources/CK-CNN/dataset/individual/good/0041.tiff,good,ck_cnn,False,57a74d885a2a14c977fb2355b12e6e9fa650f67a,098aa9df1e21cdd0,good,not_reviewed,train,/kaggle/working/maizeguard_v9_label_audit/maizeguard_ready_dataset/train/good/ck_cnn_good_000165.tiff
/kaggle/working/maizeguard_v9_label_audit/raw_public_sources/CK-CNN/dataset/individual/good/0019.tiff,good,ck_cnn,False,bc83261c065530d4c828ad9ef83be9fda16f512b,f40e8806fe4f323c,good,not_reviewed,train,/kaggle/working/maizeguard_v9_label_audit/maizeguard_ready_dataset/train/good/ck_cnn_good_000166.tiff
/kaggle/working/maizeguard_v9_label_audit/raw_public_sources/CK-CNN/dataset/individual/good/0005.tiff,good,ck_cnn,False,6e8a0946fcde790d8052b7ae9f4825f0a2514087,eed7159c4d6507aa,good,not_reviewed,train,/kaggle/working/maizeguard_v9_label_audit/maizeguard_ready_dataset/train/good/ck_cnn_good_000167.tiff
/kaggle/working/maizeguard_v9_label_audit/raw_public_sources/CK-CNN/dataset/individual/impurity/0030.tiff,impurity,ck_cnn,False,53d282d356fd15e4618266dac37c5bc6dcb8fbff,6b38ec63adf67bf2,impurity,not_reviewed,train,/kaggle/working/maizeguard_v9_label_audit/maizeguard_ready_dataset/train/impurity/ck_cnn_impurity_000168.tiff
/kaggle/working/maizeguard_v9_label_audit/raw_public_sources/CK-CNN/dataset/individual/broken/0036.tiff,broken,ck_cnn,False,2e346d49d894be17a4a41cffb55da448e098ecbc,9b3a08e89de32bce,broken,not_reviewed,train,/kaggle/working/maizeguard_v9_label_audit/maizeguard_ready_dataset/train/broken/ck_cnn_broken_000169.tiff
/kaggle/working/maizeguard_v9_label_audit/raw_public_sources/CK-CNN/dataset/individual/good/0012.tiff,good,ck_cnn,False,97da183ad28c04b586354eb4da52d1e0b38704eb,8c13a07a02c985ab,good,not_reviewed,test,/kaggle/working/maizeguard_v9_label_audit/maizeguard_ready_dataset/test/good/ck_cnn_good_000170.tiff
/kaggle/working/maizeguard_v9_label_audit/raw_public_sources/CK-CNN/dataset/individual/rotten/0054.tiff,mold_risk,ck_cnn,False,18328ba7f49512f9579cf1118f297969ec796288,513c38ebde22d4c6,mold_risk,not_reviewed,test,/kaggle/working/maizeguard_v9_label_audit/maizeguard_ready_dataset/test/mold_risk/ck_cnn_mold_risk_000171.tiff
/kaggle/working/maizeguard_v9_label_audit/raw_public_sources/CK-CNN/dataset/individual/good/0106.tiff,good,ck_cnn,False,fb6165a11bea5e85498c965808d65ee44d95c07f,7531b35681e6fe59,good,not_reviewed,test,/kaggle/working/maizeguard_v9_label_audit/maizeguard_ready_dataset/test/good/ck_cnn_good_000172.tiff
/kaggle/working/maizeguard_v9_label_audit/raw_public_sources/CK-CNN/dataset/individual/rotten/0014.tiff,mold_risk,ck_cnn,False,e0c66e23b722d912a430b236e6bf56dc272bf443,b42cd8098a1c64ad,mold_risk,not_reviewed,train,/kaggle/working/maizeguard_v9_label_audit/maizeguard_ready_dataset/train/mold_risk/ck_cnn_mold_risk_000173.tiff
/kaggle/working/maizeguard_v9_label_audit/raw_public_sources/CK-CNN/dataset/individual/impurity/0031.tiff,impurity,ck_cnn,False,7ef2becad398d4002706d0f415708f2b863829ff,a1db3b99fb735bf6,impurity,not_reviewed,train,/kaggle/working/maizeguard_v9_label_audit/maizeguard_ready_dataset/train/impurity/ck_cnn_impurity_000174.tiff
/kaggle/working/maizeguard_v9_label_audit/raw_public_sources/CK-CNN/dataset/individual/broken/0060.tiff,broken,ck_cnn,False,06dd3b6ef8ed9ec12dc4a9ed754ee2b749762809,3fa7d59dcfc63882,broken,not_reviewed,val,/kaggle/working/maizeguard_v9_label_audit/maizeguard_ready_dataset/val/broken/ck_cnn_broken_000175.tiff
/kaggle/working/maizeguard_v9_label_audit/raw_public_sources/CK-CNN/dataset/individual/impurity/0001.tiff,impurity,ck_cnn,False,87f12b3f390196980f4c53376ae920d182b64a36,31e9297a2ba07eda,impurity,not_reviewed,test,/kaggle/working/maizeguard_v9_label_audit/maizeguard_ready_dataset/test/impurity/ck_cnn_impurity_000176.tiff
/kaggle/working/maizeguard_v9_label_audit/raw_public_sources/CK-CNN/dataset/individual/good/0030.tiff,good,ck_cnn,False,bcb8e6f289ffba9467875bc063dcbd0793927e98,bf8bbe731768f69c,good,not_reviewed,val,/kaggle/working/maizeguard_v9_label_audit/maizeguard_ready_dataset/val/good/ck_cnn_good_000177.tiff
/kaggle/working/maizeguard_v9_label_audit/raw_public_sources/CK-CNN/dataset/individual/good/0032.tiff,good,ck_cnn,False,31ca006e965b3abdbf59033f43cc966f27ebe02f,d4c5fc5c2a14a123,good,not_reviewed,train,/kaggle/working/maizeguard_v9_label_audit/maizeguard_ready_dataset/train/good/ck_cnn_good_000178.tiff
/kaggle/working/maizeguard_v9_label_audit/raw_public_sources/CK-CNN/dataset/individual/good/0073.tiff,good,ck_cnn,False,4ff33d5015491d837c8dcef912ae9054cebbab33,eb8feca423f395ff,good,not_reviewed,train,/kaggle/working/maizeguard_v9_label_audit/maizeguard_ready_dataset/train/good/ck_cnn_good_000179.tiff
/kaggle/working/maizeguard_v9_label_audit/raw_public_sources/CK-CNN/dataset/individual/good/0083.tiff,good,ck_cnn,False,a07f15c84ed9307e2be525209179c12467e27c88,0d5e90d9168dde3f,good,not_reviewed,train,/kaggle/working/maizeguard_v9_label_audit/maizeguard_ready_dataset/train/good/ck_cnn_good_000180.tiff
/kaggle/working/maizeguard_v9_label_audit/raw_public_sources/CK-CNN/dataset/individual/good/0082.tiff,good,ck_cnn,False,7dfaae7161d83d96d1495cdc10a51cb7aeccbe36,6345e8874306de96,good,not_reviewed,test,/kaggle/working/maizeguard_v9_label_audit/maizeguard_ready_dataset/test/good/ck_cnn_good_000181.tiff
/kaggle/working/maizeguard_v9_label_audit/raw_public_sources/CK-CNN/dataset/individual/impurity/0037.tiff,impurity,ck_cnn,False,97af73fb125ce3c76f1f3f3d443f04d7146db6bc,fa7aaeeb586d6341,impurity,not_reviewed,train,/kaggle/working/maizeguard_v9_label_audit/maizeguard_ready_dataset/train/impurity/ck_cnn_impurity_000182.tiff
/kaggle/working/maizeguard_v9_label_audit/raw_public_sources/CK-CNN/dataset/individual/good/0057.tiff,good,ck_cnn,False,30af9284e008e34f54bae6d3e5fc803b6f793dc5,ccc90d5506911f77,good,not_reviewed,train,/kaggle/working/maizeguard_v9_label_audit/maizeguard_ready_dataset/train/good/ck_cnn_good_000183.tiff
/kaggle/working/maizeguard_v9_label_audit/raw_public_sources/CK-CNN/dataset/individual/good/0103.tiff,good,ck_cnn,False,c81d0d656942ad13d97cb1ed0c833671e1d79927,9e10658f534776d8,good,not_reviewed,train,/kaggle/working/maizeguard_v9_label_audit/maizeguard_ready_dataset/train/good/ck_cnn_good_000184.tiff
/kaggle/working/maizeguard_v9_label_audit/raw_public_sources/CK-CNN/dataset/individual/good/0070.tiff,good,ck_cnn,False,3381a75396758111af22fbe34fc157b500fa11b3,d116b14e5ad8a580,good,not_reviewed,train,/kaggle/working/maizeguard_v9_label_audit/maizeguard_ready_dataset/train/good/ck_cnn_good_000185.tiff
/kaggle/working/maizeguard_v9_label_audit/raw_public_sources/CK-CNN/dataset/individual/broken/0017.tiff,broken,ck_cnn,False,a139e2f935704f9d61790500e776dea7ad0e3e18,1828513e9a19e4e1,broken,not_reviewed,train,/kaggle/working/maizeguard_v9_label_audit/maizeguard_ready_dataset/train/broken/ck_cnn_broken_000186.tiff
/kaggle/working/maizeguard_v9_label_audit/raw_public_sources/CK-CNN/dataset/individual/impurity/0015.tiff,impurity,ck_cnn,False,a4f30d7bba07c51595d08cf2a2a2550a052a8727,a43e4f27af9a0325,impurity,not_reviewed,test,/kaggle/working/maizeguard_v9_label_audit/maizeguard_ready_dataset/test/impurity/ck_cnn_impurity_000187.tiff
/kaggle/working/maizeguard_v9_label_audit/raw_public_sources/CK-CNN/dataset/individual/impurity/0021.tiff,impurity,ck_cnn,False,5bda8e1fdd329d8e8d82e36ac04b393908b15feb,46cc288eed7ae9e1,impurity,not_reviewed,train,/kaggle/working/maizeguard_v9_label_audit/maizeguard_ready_dataset/train/impurity/ck_cnn_impurity_000188.tiff
/kaggle/working/maizeguard_v9_label_audit/raw_public_sources/CK-CNN/dataset/individual/broken/0010.tiff,broken,ck_cnn,False,43728bd51001aaa8dc2fe24659d730336d509e17,51efdb58fba707da,broken,not_reviewed,val,/kaggle/working/maizeguard_v9_label_audit/maizeguard_ready_dataset/val/broken/ck_cnn_broken_000189.tiff
/kaggle/working/maizeguard_v9_label_audit/raw_public_sources/CK-CNN/dataset/individual/broken/0014.tiff,broken,ck_cnn,False,84590b24da8fbfc7a18a2f2263a6b64848e53cda,004fd85e61499f5e,broken,not_reviewed,test,/kaggle/working/maizeguard_v9_label_audit/maizeguard_ready_dataset/test/broken/ck_cnn_broken_000190.tiff
/kaggle/working/maizeguard_v9_label_audit/raw_public_sources/CK-CNN/dataset/individual/rotten/0015.tiff,mold_risk,ck_cnn,False,dfb19187d69fbf6f65175ace5c7cf0bf58b906e2,9b037c9758daef2f,mold_risk,not_reviewed,train,/kaggle/working/maizeguard_v9_label_audit/maizeguard_ready_dataset/train/mold_risk/ck_cnn_mold_risk_000191.tiff
/kaggle/working/maizeguard_v9_label_audit/raw_public_sources/CK-CNN/dataset/individual/good/0042.tiff,good,ck_cnn,False,738d9a387e3ca79df523d3cabd56bd3f50141fd3,96be997f0f57c14d,good,not_reviewed,val,/kaggle/working/maizeguard_v9_label_audit/maizeguard_ready_dataset/val/good/ck_cnn_good_000192.tiff
/kaggle/working/maizeguard_v9_label_audit/raw_public_sources/CK-CNN/dataset/individual/rotten/0003.tiff,mold_risk,ck_cnn,False,fd03015eab066df057337bae6a60caac72c39274,2b64e38d65e35ddd,mold_risk,not_reviewed,train,/kaggle/working/maizeguard_v9_label_audit/maizeguard_ready_dataset/train/mold_risk/ck_cnn_mold_risk_000193.tiff
/kaggle/working/maizeguard_v9_label_audit/raw_public_sources/CK-CNN/dataset/individual/good/0029.tiff,good,ck_cnn,False,8c78ba60b6b65940fc852d70743cde7f4e240278,0822ed4798b25033,good,not_reviewed,train,/kaggle/working/maizeguard_v9_label_audit/maizeguard_ready_dataset/train/good/ck_cnn_good_000194.tiff
/kaggle/working/maizeguard_v9_label_audit/raw_public_sources/CK-CNN/dataset/individual/broken/0048.tiff,broken,ck_cnn,False,c853cb70305150c4407d66cefdfce68e2513ec6c,1796d664ff1171fe,broken,not_reviewed,train,/kaggle/working/maizeguard_v9_label_audit/maizeguard_ready_dataset/train/broken/ck_cnn_broken_000195.tiff
/kaggle/working/maizeguard_v9_label_audit/raw_public_sources/CK-CNN/dataset/individual/impurity/0049.tiff,impurity,ck_cnn,False,90614c4c64401b19ca262b85eb3ab200cbcc5ffa,0351837c4b653250,impurity,not_reviewed,val,/kaggle/working/maizeguard_v9_label_audit/maizeguard_ready_dataset/val/impurity/ck_cnn_impurity_000196.tiff
/kaggle/working/maizeguard_v9_label_audit/raw_public_sources/CK-CNN/dataset/individual/good/0065.tiff,good,ck_cnn,False,339169071030d3395088513458de3c953daaf548,a7b17f2f52503dc0,good,not_reviewed,train,/kaggle/working/maizeguard_v9_label_audit/maizeguard_ready_dataset/train/good/ck_cnn_good_000197.tiff
/kaggle/working/maizeguard_v9_label_audit/raw_public_sources/CK-CNN/dataset/individual/good/0039.tiff,good,ck_cnn,False,134b8c49f5bfaf678679e21513710ae69f109fc8,8dd595cdf0db3c9d,good,not_reviewed,train,/kaggle/working/maizeguard_v9_label_audit/maizeguard_ready_dataset/train/good/ck_cnn_good_000198.tiff
/kaggle/working/maizeguard_v9_label_audit/raw_public_sources/CK-CNN/dataset/individual/impurity/0023.tiff,impurity,ck_cnn,False,ee07ae48a99a49f7f4f10caa0226e6ea4a807ce8,300666b4f32de80a,impurity,not_reviewed,train,/kaggle/working/maizeguard_v9_label_audit/maizeguard_ready_dataset/train/impurity/ck_cnn_impurity_000199.tiff
/kaggle/working/maizeguard_v9_label_audit/raw_public_sources/CK-CNN/dataset/individual/impurity/0014.tiff,impurity,ck_cnn,False,deef303b2d1c42ade52f38dee65ab86a19b02c7d,8f1761401a0df3c7,impurity,not_reviewed,train,/kaggle/working/maizeguard_v9_label_audit/maizeguard_ready_dataset/train/impurity/ck_cnn_impurity_000200.tiff
/kaggle/working/maizeguard_v9_label_audit/raw_public_sources/CK-CNN/dataset/individual/good/0079.tiff,good,ck_cnn,False,8d0c1afba85cd194658351e4e9f9bee1f4c85719,d387211f43989d6c,good,not_reviewed,train,/kaggle/working/maizeguard_v9_label_audit/maizeguard_ready_dataset/train/good/ck_cnn_good_000201.tiff
/kaggle/working/maizeguard_v9_label_audit/raw_public_sources/CK-CNN/dataset/individual/rotten/0007.tiff,mold_risk,ck_cnn,False,157a9a9bf337dc4873bacceffdf7dce4fe970484,680e6ea71ad36233,mold_risk,not_reviewed,train,/kaggle/working/maizeguard_v9_label_audit/maizeguard_ready_dataset/train/mold_risk/ck_cnn_mold_risk_000202.tiff
/kaggle/working/maizeguard_v9_label_audit/raw_public_sources/CK-CNN/dataset/individual/impurity/0039.tiff,impurity,ck_cnn,False,b0460c95efa727820c2edb323f6a6e7fc80bc089,d104e69f56484a82,impurity,not_reviewed,test,/kaggle/working/maizeguard_v9_label_audit/maizeguard_ready_dataset/test/impurity/ck_cnn_impurity_000203.tiff
/kaggle/working/maizeguard_v9_label_audit/raw_public_sources/CK-CNN/dataset/individual/rotten/0032.tiff,mold_risk,ck_cnn,False,66985a89983309dd098ebcb62f0f4aab1667c015,4f6f38f3d2bf55ee,mold_risk,not_reviewed,train,/kaggle/working/maizeguard_v9_label_audit/maizeguard_ready_dataset/train/mold_risk/ck_cnn_mold_risk_000204.tiff
/kaggle/working/maizeguard_v9_label_audit/raw_public_sources/CK-CNN/dataset/individual/good/0061.tiff,good,ck_cnn,False,a45256bfc53c7c0cca7ce095fce12f7ab8c8f31d,d40e932ba7fa1698,good,not_reviewed,train,/kaggle/working/maizeguard_v9_label_audit/maizeguard_ready_dataset/train/good/ck_cnn_good_000205.tiff
/kaggle/working/maizeguard_v9_label_audit/raw_public_sources/CK-CNN/dataset/individual/broken/0037.tiff,broken,ck_cnn,False,8a7e1923121fffe467f9e9baec051c5e4dd8ee04,64a05ca41eb351dd,broken,not_reviewed,val,/kaggle/working/maizeguard_v9_label_audit/maizeguard_ready_dataset/val/broken/ck_cnn_broken_000206.tiff
/kaggle/working/maizeguard_v9_label_audit/raw_public_sources/CK-CNN/dataset/individual/rotten/0005.tiff,mold_risk,ck_cnn,False,2f9db901a6c7423214179730958a3ab65e1f5246,1d5e9574dfc5b19a,mold_risk,not_reviewed,val,/kaggle/working/maizeguard_v9_label_audit/maizeguard_ready_dataset/val/mold_risk/ck_cnn_mold_risk_000207.tiff
/kaggle/working/maizeguard_v9_label_audit/raw_public_sources/CK-CNN/dataset/individual/broken/0045.tiff,broken,ck_cnn,False,9f771946f2d065f5f4c0d387faa2d6d515478767,7ad21a1d5f135815,broken,not_reviewed,train,/kaggle/working/maizeguard_v9_label_audit/maizeguard_ready_dataset/train/broken/ck_cnn_broken_000208.tiff
/kaggle/working/maizeguard_v9_label_audit/raw_public_sources/CK-CNN/dataset/individual/broken/0059.tiff,broken,ck_cnn,False,3a0c0a30a0e3a39a511fc68adda116008e8cd523,0c3f48c31b739231,broken,not_reviewed,val,/kaggle/working/maizeguard_v9_label_audit/maizeguard_ready_dataset/val/broken/ck_cnn_broken_000209.tiff
/kaggle/working/maizeguard_v9_label_audit/raw_public_sources/CK-CNN/dataset/individual/rotten/0012.tiff,mold_risk,ck_cnn,False,fa3eb0a2ecd6816d51fb0fdff976f034081d0260,eb8b0140567931e2,mold_risk,not_reviewed,train,/kaggle/working/maizeguard_v9_label_audit/maizeguard_ready_dataset/train/mold_risk/ck_cnn_mold_risk_000210.tiff
/kaggle/working/maizeguard_v9_label_audit/raw_public_sources/CK-CNN/dataset/individual/rotten/0037.tiff,mold_risk,ck_cnn,False,dae0faf17e3e6f943cfe46c0c8b3639b0897fa62,52d128d1fabeb12a,mold_risk,not_reviewed,test,/kaggle/working/maizeguard_v9_label_audit/maizeguard_ready_dataset/test/mold_risk/ck_cnn_mold_risk_000211.tiff
/kaggle/working/maizeguard_v9_label_audit/raw_public_sources/CK-CNN/dataset/individual/broken/0032.tiff,broken,ck_cnn,False,54807b4fdc6a8ead5587f2c019bebea69e14941e,e669bddd86af7694,broken,not_reviewed,val,/kaggle/working/maizeguard_v9_label_audit/maizeguard_ready_dataset/val/broken/ck_cnn_broken_000212.tiff
/kaggle/working/maizeguard_v9_label_audit/raw_public_sources/CK-CNN/dataset/individual/rotten/0055.tiff,mold_risk,ck_cnn,False,cd1cd78a348b0d4612799b4b7444b7048f325095,0c8c155be6f91626,mold_risk,not_reviewed,train,/kaggle/working/maizeguard_v9_label_audit/maizeguard_ready_dataset/train/mold_risk/ck_cnn_mold_risk_000213.tiff
/kaggle/working/maizeguard_v9_label_audit/raw_public_sources/CK-CNN/dataset/individual/broken/0015.tiff,broken,ck_cnn,False,5bed952b0bde1affe83d3e9e7129239c432b684c,291f665ba7ee04e5,broken,not_reviewed,train,/kaggle/working/maizeguard_v9_label_audit/maizeguard_ready_dataset/train/broken/ck_cnn_broken_000214.tiff
/kaggle/working/maizeguard_v9_label_audit/raw_public_sources/CK-CNN/dataset/individual/good/0089.tiff,good,ck_cnn,False,3534e84b69ba0583520e7cd8da6e304ac209cef8,763a85dd14b1189b,good,not_reviewed,train,/kaggle/working/maizeguard_v9_label_audit/maizeguard_ready_dataset/train/good/ck_cnn_good_000215.tiff
/kaggle/working/maizeguard_v9_label_audit/raw_public_sources/CK-CNN/dataset/individual/impurity/0042.tiff,impurity,ck_cnn,False,886430d3ec5d7d6629c272ee023a9e6850ff6c04,818403215edf692b,impurity,not_reviewed,train,/kaggle/working/maizeguard_v9_label_audit/maizeguard_ready_dataset/train/impurity/ck_cnn_impurity_000216.tiff
/kaggle/working/maizeguard_v9_label_audit/raw_public_sources/CK-CNN/dataset/individual/broken/0011.tiff,broken,ck_cnn,False,e2bc9ba9e21d8dbf20ba929b4a3be6341763a0dc,f2ed8e2522972b09,broken,not_reviewed,train,/kaggle/working/maizeguard_v9_label_audit/maizeguard_ready_dataset/train/broken/ck_cnn_broken_000217.tiff
/kaggle/working/maizeguard_v9_label_audit/raw_public_sources/CK-CNN/dataset/individual/impurity/0045.tiff,impurity,ck_cnn,False,856f7b81aa02853fa944f87c87d01160a709a264,f48d20e2dad634a5,impurity,not_reviewed,train,/kaggle/working/maizeguard_v9_label_audit/maizeguard_ready_dataset/train/impurity/ck_cnn_impurity_000218.tiff
/kaggle/working/maizeguard_v9_label_audit/raw_public_sources/CK-CNN/dataset/individual/good/0116.tiff,good,ck_cnn,False,1fdb55e93001bed01f73c699ff8d2f6a0f8b1208,f1d4ed6db0ed01ce,good,not_reviewed,test,/kaggle/working/maizeguard_v9_label_audit/maizeguard_ready_dataset/test/good/ck_cnn_good_000219.tiff
/kaggle/working/maizeguard_v9_label_audit/raw_public_sources/CK-CNN/dataset/individual/good/0099.tiff,good,ck_cnn,False,5301c2b012fefc2a106960374a6ed1bd52f7dc94,61ccf17c87c44aa9,good,not_reviewed,train,/kaggle/working/maizeguard_v9_label_audit/maizeguard_ready_dataset/train/good/ck_cnn_good_000220.tiff
/kaggle/working/maizeguard_v9_label_audit/raw_public_sources/CK-CNN/dataset/individual/good/0092.tiff,good,ck_cnn,False,85dcbd7e0e3a2c5230edf1818f70d9014c7c3b97,e7045c737c6d6c27,good,not_reviewed,train,/kaggle/working/maizeguard_v9_label_audit/maizeguard_ready_dataset/train/good/ck_cnn_good_000221.tiff
/kaggle/working/maizeguard_v9_label_audit/raw_public_sources/CK-CNN/dataset/individual/good/0011.tiff,good,ck_cnn,False,e901814236cf670c57e99d68b341dd24426f9746,ff6231c42a24b044,good,not_reviewed,val,/kaggle/working/maizeguard_v9_label_audit/maizeguard_ready_dataset/val/good/ck_cnn_good_000222.tiff
/kaggle/working/maizeguard_v9_label_audit/raw_public_sources/CK-CNN/dataset/individual/good/0091.tiff,good,ck_cnn,False,63367a1f7e797187d6a0d705e00a1163d495937a,25a5a24053c5445d,good,not_reviewed,train,/kaggle/working/maizeguard_v9_label_audit/maizeguard_ready_dataset/train/good/ck_cnn_good_000223.tiff
/kaggle/working/maizeguard_v9_label_audit/raw_public_sources/CK-CNN/dataset/individual/good/0102.tiff,good,ck_cnn,False,30cb4d0bf6c4acdcfe7da3522a201edbb7ebb9ab,cf3eff207160b2da,good,not_reviewed,train,/kaggle/working/maizeguard_v9_label_audit/maizeguard_ready_dataset/train/good/ck_cnn_good_000224.tiff
/kaggle/working/maizeguard_v9_label_audit/raw_public_sources/CK-CNN/dataset/individual/impurity/0002.tiff,impurity,ck_cnn,False,4c5fcaefebb4ce79cb6e8fbec2c94d2b097c44c6,7a2423dcfabe6788,impurity,not_reviewed,test,/kaggle/working/maizeguard_v9_label_audit/maizeguard_ready_dataset/test/impurity/ck_cnn_impurity_000225.tiff
/kaggle/working/maizeguard_v9_label_audit/raw_public_sources/CK-CNN/dataset/individual/good/0008.tiff,good,ck_cnn,False,f96e554055f592881cf3c3f4d59a3307d1d670c8,6ac91c350e947448,good,not_reviewed,val,/kaggle/working/maizeguard_v9_label_audit/maizeguard_ready_dataset/val/good/ck_cnn_good_000226.tiff
/kaggle/working/maizeguard_v9_label_audit/raw_public_sources/CK-CNN/dataset/individual/rotten/0030.tiff,mold_risk,ck_cnn,False,9c5f0db436cfba97679a9897d66aaf4f95498887,b198ade4e1b559d5,mold_risk,not_reviewed,train,/kaggle/working/maizeguard_v9_label_audit/maizeguard_ready_dataset/train/mold_risk/ck_cnn_mold_risk_000227.tiff
/kaggle/working/maizeguard_v9_label_audit/raw_public_sources/CK-CNN/dataset/individual/rotten/0008.tiff,mold_risk,ck_cnn,False,bfe991e15ad9710ebe5588e18713610dacc9c19a,2a29154f337371b7,mold_risk,not_reviewed,test,/kaggle/working/maizeguard_v9_label_audit/maizeguard_ready_dataset/test/mold_risk/ck_cnn_mold_risk_000228.tiff
/kaggle/working/maizeguard_v9_label_audit/raw_public_sources/CK-CNN/dataset/individual/broken/0055.tiff,broken,ck_cnn,False,48ff42118c9fad044d938b8f9bcc04e30997bc6b,e0b50aff1b78e003,broken,not_reviewed,train,/kaggle/working/maizeguard_v9_label_audit/maizeguard_ready_dataset/train/broken/ck_cnn_broken_000229.tiff
/kaggle/working/maizeguard_v9_label_audit/raw_public_sources/CK-CNN/dataset/individual/good/0078.tiff,good,ck_cnn,False,64789c18e8c8087ba81e32e13ede94505836aa55,dd2ba20069ef257c,good,not_reviewed,train,/kaggle/working/maizeguard_v9_label_audit/maizeguard_ready_dataset/train/good/ck_cnn_good_000230.tiff
/kaggle/working/maizeguard_v9_label_audit/raw_public_sources/CK-CNN/dataset/individual/broken/0058.tiff,broken,ck_cnn,False,eaa2c545e96b459ea0b32ea9aa04ccc9c7165a15,e8e0378b4d336b52,broken,not_reviewed,train,/kaggle/working/maizeguard_v9_label_audit/maizeguard_ready_dataset/train/broken/ck_cnn_broken_000231.tiff
/kaggle/working/maizeguard_v9_label_audit/raw_public_sources/CK-CNN/dataset/individual/rotten/0021.tiff,mold_risk,ck_cnn,False,f55517b29952da675c51470a06fb275331c445a4,8d19b1eafe96c05e,mold_risk,not_reviewed,train,/kaggle/working/maizeguard_v9_label_audit/maizeguard_ready_dataset/train/mold_risk/ck_cnn_mold_risk_000232.tiff
/kaggle/working/maizeguard_v9_label_audit/raw_public_sources/CK-CNN/dataset/individual/rotten/0059.tiff,mold_risk,ck_cnn,False,e307b7645cbe624e02307ce6a3ccb58da15e41df,18c6df2fd6563234,mold_risk,not_reviewed,val,/kaggle/working/maizeguard_v9_label_audit/maizeguard_ready_dataset/val/mold_risk/ck_cnn_mold_risk_000233.tiff
/kaggle/working/maizeguard_v9_label_audit/raw_public_sources/CK-CNN/dataset/individual/broken/0022.tiff,broken,ck_cnn,False,dbba98dcbcf0750d5a1f5231a688863f20c3e38d,76af1d097d7bad84,broken,not_reviewed,train,/kaggle/working/maizeguard_v9_label_audit/maizeguard_ready_dataset/train/broken/ck_cnn_broken_000234.tiff
/kaggle/working/maizeguard_v9_label_audit/raw_public_sources/CK-CNN/dataset/individual/broken/0007.tiff,broken,ck_cnn,False,627620c06cd199bb30aac859b0290a6aaeffc291,1df3f2e62b701877,broken,not_reviewed,train,/kaggle/working/maizeguard_v9_label_audit/maizeguard_ready_dataset/train/broken/ck_cnn_broken_000235.tiff
/kaggle/working/maizeguard_v9_label_audit/raw_public_sources/CK-CNN/dataset/individual/rotten/0022.tiff,mold_risk,ck_cnn,False,2d3686673835de8d8bafe827c4f3f7c75c79777c,672c3dbff7b92585,mold_risk,not_reviewed,train,/kaggle/working/maizeguard_v9_label_audit/maizeguard_ready_dataset/train/mold_risk/ck_cnn_mold_risk_000236.tiff
/kaggle/working/maizeguard_v9_label_audit/raw_public_sources/CK-CNN/dataset/individual/good/0006.tiff,good,ck_cnn,False,cb2681168bbc6498e4ae34a6e7d1d0b27a6f88f6,3fda6a06a25a6eb0,good,not_reviewed,train,/kaggle/working/maizeguard_v9_label_audit/maizeguard_ready_dataset/train/good/ck_cnn_good_000237.tiff
/kaggle/working/maizeguard_v9_label_audit/raw_public_sources/CK-CNN/dataset/individual/good/0071.tiff,good,ck_cnn,False,cbbcddc1fc5b9644280deaa6de76abb7732207a9,b57673257c3c2e3c,good,not_reviewed,train,/kaggle/working/maizeguard_v9_label_audit/maizeguard_ready_dataset/train/good/ck_cnn_good_000238.tiff
/kaggle/working/maizeguard_v9_label_audit/raw_public_sources/CK-CNN/dataset/individual/rotten/0039.tiff,mold_risk,ck_cnn,False,56e5e5bbbbd891923645df3bf2f0f3fff0fcec7f,d891c27b1cfab24d,mold_risk,not_reviewed,train,/kaggle/working/maizeguard_v9_label_audit/maizeguard_ready_dataset/train/mold_risk/ck_cnn_mold_risk_000239.tiff
/kaggle/working/maizeguard_v9_label_audit/raw_public_sources/CK-CNN/dataset/individual/impurity/0022.tiff,impurity,ck_cnn,False,9896594d47773d4e75a775c0bc585da115524b37,334287c093d03443,impurity,not_reviewed,train,/kaggle/working/maizeguard_v9_label_audit/maizeguard_ready_dataset/train/impurity/ck_cnn_impurity_000240.tiff
/kaggle/working/maizeguard_v9_label_audit/raw_public_sources/CK-CNN/dataset/individual/rotten/0051.tiff,mold_risk,ck_cnn,False,9f6b77dfe6ed766a61eb00e3d3ac7715fbe91e67,b8e9ee2d5132b361,mold_risk,not_reviewed,train,/kaggle/working/maizeguard_v9_label_audit/maizeguard_ready_dataset/train/mold_risk/ck_cnn_mold_risk_000241.tiff
/kaggle/working/maizeguard_v9_label_audit/raw_public_sources/CK-CNN/dataset/individual/rotten/0009.tiff,mold_risk,ck_cnn,False,53ec72b4be71a0323a29a8577275ebbe4defa7f4,38b0a466b303a971,mold_risk,not_reviewed,train,/kaggle/working/maizeguard_v9_label_audit/maizeguard_ready_dataset/train/mold_risk/ck_cnn_mold_risk_000242.tiff
/kaggle/working/maizeguard_v9_label_audit/raw_public_sources/CK-CNN/dataset/individual/good/0010.tiff,good,ck_cnn,False,e4ed8cd7eba9c716f4ce507658e14a6de1ef7c2e,f40e083d5209743c,good,not_reviewed,test,/kaggle/working/maizeguard_v9_label_audit/maizeguard_ready_dataset/test/good/ck_cnn_good_000243.tiff
/kaggle/working/maizeguard_v9_label_audit/raw_public_sources/CK-CNN/dataset/individual/good/0085.tiff,good,ck_cnn,False,f6d41e986bec5e09ecdc51b5f533e148d8166d23,d273931df72f1e1d,good,not_reviewed,train,/kaggle/working/maizeguard_v9_label_audit/maizeguard_ready_dataset/train/good/ck_cnn_good_000244.tiff
/kaggle/working/maizeguard_v9_label_audit/raw_public_sources/CK-CNN/dataset/individual/broken/0001.tiff,broken,ck_cnn,False,67a636f8ad43ce13b60b2041399a95b6a568240e,4ac39c1c9cdb2e95,broken,not_reviewed,val,/kaggle/working/maizeguard_v9_label_audit/maizeguard_ready_dataset/val/broken/ck_cnn_broken_000245.tiff
/kaggle/working/maizeguard_v9_label_audit/raw_public_sources/CK-CNN/dataset/individual/rotten/0020.tiff,mold_risk,ck_cnn,False,69530e821c453b070a5f9de405ac72ed9a67e2b7,52eb4588cf83bc5c,mold_risk,not_reviewed,train,/kaggle/working/maizeguard_v9_label_audit/maizeguard_ready_dataset/train/mold_risk/ck_cnn_mold_risk_000246.tiff
/kaggle/working/maizeguard_v9_label_audit/raw_public_sources/CK-CNN/dataset/individual/good/0044.tiff,good,ck_cnn,False,caf2b66abf0615833f27eeabf89da1729cb0a812,5aebe2068192769c,good,not_reviewed,train,/kaggle/working/maizeguard_v9_label_audit/maizeguard_ready_dataset/train/good/ck_cnn_good_000247.tiff
/kaggle/working/maizeguard_v9_label_audit/raw_public_sources/CK-CNN/dataset/individual/good/0059.tiff,good,ck_cnn,False,bdc54398a98df3003e723dd7323c544c791631c4,f10abb755c8be872,good,not_reviewed,val,/kaggle/working/maizeguard_v9_label_audit/maizeguard_ready_dataset/val/good/ck_cnn_good_000248.tiff
/kaggle/working/maizeguard_v9_label_audit/raw_public_sources/CK-CNN/dataset/individual/good/0081.tiff,good,ck_cnn,False,d85642638b8185583e380992a20026ba3b3242ea,afb16985cebd53c9,good,not_reviewed,train,/kaggle/working/maizeguard_v9_label_audit/maizeguard_ready_dataset/train/good/ck_cnn_good_000249.tiff
/kaggle/working/maizeguard_v9_label_audit/raw_public_sources/CK-CNN/dataset/individual/rotten/0011.tiff,mold_risk,ck_cnn,False,bb1df1f3d746589c335490377e63d6831097ae0b,7e2377add4c0ee99,mold_risk,not_reviewed,train,/kaggle/working/maizeguard_v9_label_audit/maizeguard_ready_dataset/train/mold_risk/ck_cnn_mold_risk_000250.tiff
/kaggle/working/maizeguard_v9_label_audit/raw_public_sources/CK-CNN/dataset/individual/rotten/0016.tiff,mold_risk,ck_cnn,False,7e4a62afeba773cc9b9dbbb2e7f737c821cf51c5,b06e04712a9c834b,mold_risk,not_reviewed,train,/kaggle/working/maizeguard_v9_label_audit/maizeguard_ready_dataset/train/mold_risk/ck_cnn_mold_risk_000251.tiff
/kaggle/working/maizeguard_v9_label_audit/raw_public_sources/CK-CNN/dataset/individual/impurity/0028.tiff,impurity,ck_cnn,False,fd2b49b7d6a7295ca04512282f16c33955bd1d30,55c618bf3adbb2c1,impurity,not_reviewed,train,/kaggle/working/maizeguard_v9_label_audit/maizeguard_ready_dataset/train/impurity/ck_cnn_impurity_000252.tiff
/kaggle/working/maizeguard_v9_label_audit/raw_public_sources/CK-CNN/dataset/individual/broken/0033.tiff,broken,ck_cnn,False,546d016d9ba129374196d1c1c10f4a937457c96b,6e9db7d9570d0efd,broken,not_reviewed,test,/kaggle/working/maizeguard_v9_label_audit/maizeguard_ready_dataset/test/broken/ck_cnn_broken_000253.tiff
/kaggle/working/maizeguard_v9_label_audit/raw_public_sources/CK-CNN/dataset/individual/good/0058.tiff,good,ck_cnn,False,85d8456909e260b27611b42937395ed1f47ad8f8,08008f4e0b1d3425,good,not_reviewed,train,/kaggle/working/maizeguard_v9_label_audit/maizeguard_ready_dataset/train/good/ck_cnn_good_000254.tiff
/kaggle/working/maizeguard_v9_label_audit/raw_public_sources/CK-CNN/dataset/individual/broken/0016.tiff,broken,ck_cnn,False,b39a0f461993576fdbeecdbfc84ea750453a0dce,5b024e5225789a59,broken,not_reviewed,train,/kaggle/working/maizeguard_v9_label_audit/maizeguard_ready_dataset/train/broken/ck_cnn_broken_000255.tiff
/kaggle/working/maizeguard_v9_label_audit/raw_public_sources/CK-CNN/dataset/individual/broken/0027.tiff,broken,ck_cnn,False,ff9ac609285087e774e9f8685d8d49794d1836a4,a9b600a61709933f,broken,not_reviewed,train,/kaggle/working/maizeguard_v9_label_audit/maizeguard_ready_dataset/train/broken/ck_cnn_broken_000256.tiff
/kaggle/working/maizeguard_v9_label_audit/raw_public_sources/CK-CNN/dataset/individual/impurity/0004.tiff,impurity,ck_cnn,False,1397a8c4fad947e5ebddd1803871b4a9ab42f422,b895fdf20c6fc286,impurity,not_reviewed,train,/kaggle/working/maizeguard_v9_label_audit/maizeguard_ready_dataset/train/impurity/ck_cnn_impurity_000257.tiff
/kaggle/working/maizeguard_v9_label_audit/raw_public_sources/CK-CNN/dataset/individual/rotten/0006.tiff,mold_risk,ck_cnn,False,7de1744027fc6f168d0970f9cdceba822c6d1d26,e5af8029ab3e176c,mold_risk,not_reviewed,train,/kaggle/working/maizeguard_v9_label_audit/maizeguard_ready_dataset/train/mold_risk/ck_cnn_mold_risk_000258.tiff
/kaggle/working/maizeguard_v9_label_audit/raw_public_sources/CK-CNN/dataset/individual/good/0049.tiff,good,ck_cnn,False,80f1f6e009a02a3d9ebff55a9f10ef4d6a8f402f,ac27a14606d2104e,good,not_reviewed,train,/kaggle/working/maizeguard_v9_label_audit/maizeguard_ready_dataset/train/good/ck_cnn_good_000259.tiff
/kaggle/working/maizeguard_v9_label_audit/raw_public_sources/CK-CNN/dataset/individual/broken/0002.tiff,broken,ck_cnn,False,2549d9da123b7184ff04369105872e6027689b01,da1387aac6252682,broken,not_reviewed,train,/kaggle/working/maizeguard_v9_label_audit/maizeguard_ready_dataset/train/broken/ck_cnn_broken_000260.tiff
/kaggle/working/maizeguard_v9_label_audit/raw_public_sources/CK-CNN/dataset/individual/good/0025.tiff,good,ck_cnn,False,46c1710202c1dd1d047029f2337a7c9db26e42b4,21fcfc60b9a7a424,good,not_reviewed,train,/kaggle/working/maizeguard_v9_label_audit/maizeguard_ready_dataset/train/good/ck_cnn_good_000261.tiff
/kaggle/working/maizeguard_v9_label_audit/raw_public_sources/CK-CNN/dataset/individual/impurity/0009.tiff,impurity,ck_cnn,False,0a17f0abe28aa7cce2174b966cf413924052eefd,bf2a347901f812dd,impurity,not_reviewed,train,/kaggle/working/maizeguard_v9_label_audit/maizeguard_ready_dataset/train/impurity/ck_cnn_impurity_000262.tiff
/kaggle/working/maizeguard_v9_label_audit/raw_public_sources/CK-CNN/dataset/individual/broken/0021.tiff,broken,ck_cnn,False,fa16497fce654ddc7742f7274157da5be3d5a4aa,433863643179bb95,broken,not_reviewed,train,/kaggle/working/maizeguard_v9_label_audit/maizeguard_ready_dataset/train/broken/ck_cnn_broken_000263.tiff
/kaggle/working/maizeguard_v9_label_audit/raw_public_sources/CK-CNN/dataset/individual/good/0067.tiff,good,ck_cnn,False,05b38fbb179f91f72c16d260c4432a2be6dedfdc,fffe1e60143e3af0,good,not_reviewed,train,/kaggle/working/maizeguard_v9_label_audit/maizeguard_ready_dataset/train/good/ck_cnn_good_000264.tiff
/kaggle/working/maizeguard_v9_label_audit/raw_public_sources/CK-CNN/dataset/individual/good/0053.tiff,good,ck_cnn,False,b4af862396fce20b2ee8e553aa43ee3b70fa8e99,ee584adb31a8fbe6,good,not_reviewed,train,/kaggle/working/maizeguard_v9_label_audit/maizeguard_ready_dataset/train/good/ck_cnn_good_000265.tiff
/kaggle/working/maizeguard_v9_label_audit/raw_public_sources/CK-CNN/dataset/individual/good/0093.tiff,good,ck_cnn,False,70e1b29a1328e6a4daf77708264a4dd0cdedbf2d,b921b1adfa52c71f,good,not_reviewed,val,/kaggle/working/maizeguard_v9_label_audit/maizeguard_ready_dataset/val/good/ck_cnn_good_000266.tiff
/kaggle/working/maizeguard_v9_label_audit/raw_public_sources/CK-CNN/dataset/individual/good/0047.tiff,good,ck_cnn,False,ef4315ee12a80c7816c8f23f8e14f014c2f4a43a,f854960c63b961bb,good,not_reviewed,train,/kaggle/working/maizeguard_v9_label_audit/maizeguard_ready_dataset/train/good/ck_cnn_good_000267.tiff
/kaggle/working/maizeguard_v9_label_audit/raw_public_sources/CK-CNN/dataset/individual/rotten/0018.tiff,mold_risk,ck_cnn,False,c5b89f4d8a9646e68454990e34ae2fd00a9465a1,a86d8b557150bc8c,mold_risk,not_reviewed,train,/kaggle/working/maizeguard_v9_label_audit/maizeguard_ready_dataset/train/mold_risk/ck_cnn_mold_risk_000268.tiff
/kaggle/working/maizeguard_v9_label_audit/raw_public_sources/CK-CNN/dataset/individual/rotten/0040.tiff,mold_risk,ck_cnn,False,a51a342f9e664b746c2b25802628018f19e36180,f11f40f2d6aabd1a,mold_risk,not_reviewed,val,/kaggle/working/maizeguard_v9_label_audit/maizeguard_ready_dataset/val/mold_risk/ck_cnn_mold_risk_000269.tiff
/kaggle/working/maizeguard_v9_label_audit/raw_public_sources/CK-CNN/dataset/individual/good/0098.tiff,good,ck_cnn,False,1b29c232c1fe322a520bfd8b7decd766d1752a26,d3bdcd898035a7d9,good,not_reviewed,train,/kaggle/working/maizeguard_v9_label_audit/maizeguard_ready_dataset/train/good/ck_cnn_good_000270.tiff
/kaggle/working/maizeguard_v9_label_audit/raw_public_sources/CK-CNN/dataset/individual/rotten/0050.tiff,mold_risk,ck_cnn,False,714d10e5e418ccebfd6a37c610f8bb2c4591dbbf,93303d150c6cfe21,mold_risk,not_reviewed,train,/kaggle/working/maizeguard_v9_label_audit/maizeguard_ready_dataset/train/mold_risk/ck_cnn_mold_risk_000271.tiff
/kaggle/working/maizeguard_v9_label_audit/raw_public_sources/CK-CNN/dataset/individual/rotten/0004.tiff,mold_risk,ck_cnn,False,39c2c465adae127248720eda5398595fba6955a0,5133ac50fe2193e5,mold_risk,not_reviewed,train,/kaggle/working/maizeguard_v9_label_audit/maizeguard_ready_dataset/train/mold_risk/ck_cnn_mold_risk_000272.tiff
/kaggle/working/maizeguard_v9_label_audit/raw_public_sources/CK-CNN/dataset/individual/good/0074.tiff,good,ck_cnn,False,6e9a4440e4b3095869fb8d0e73d1f3250b085e4a,93f06b14db4266a4,good,not_reviewed,train,/kaggle/working/maizeguard_v9_label_audit/maizeguard_ready_dataset/train/good/ck_cnn_good_000273.tiff
/kaggle/working/maizeguard_v9_label_audit/raw_public_sources/CK-CNN/dataset/individual/rotten/0013.tiff,mold_risk,ck_cnn,False,af99c14b8e0cc84a726ab89bd0398212cacada94,17ecb22faae214f8,mold_risk,not_reviewed,val,/kaggle/working/maizeguard_v9_label_audit/maizeguard_ready_dataset/val/mold_risk/ck_cnn_mold_risk_000274.tiff
/kaggle/working/maizeguard_v9_label_audit/raw_public_sources/CK-CNN/dataset/individual/broken/0026.tiff,broken,ck_cnn,False,15e4fb52279e2f7186047819d4cca272f3ea11b0,dc0bf43833ce0946,broken,not_reviewed,train,/kaggle/working/maizeguard_v9_label_audit/maizeguard_ready_dataset/train/broken/ck_cnn_broken_000275.tiff
/kaggle/working/maizeguard_v9_label_audit/raw_public_sources/CK-CNN/dataset/individual/good/0064.tiff,good,ck_cnn,False,15ae3e5a044062bf4b9c44b97c611e1dc27f1ffb,5dd4e019f1bc0085,good,not_reviewed,train,/kaggle/working/maizeguard_v9_label_audit/maizeguard_ready_dataset/train/good/ck_cnn_good_000276.tiff
/kaggle/working/maizeguard_v9_label_audit/raw_public_sources/CK-CNN/dataset/individual/rotten/0049.tiff,mold_risk,ck_cnn,False,dfd80c8a8979532477cc2aedbaef587cf79f57a5,eca91a6a02df37de,mold_risk,not_reviewed,val,/kaggle/working/maizeguard_v9_label_audit/maizeguard_ready_dataset/val/mold_risk/ck_cnn_mold_risk_000277.tiff
/kaggle/working/maizeguard_v9_label_audit/raw_public_sources/CK-CNN/dataset/individual/good/0028.tiff,good,ck_cnn,False,6a5c9059a4f7efa49f4ede1066377e07bfc0c8a7,0e46775519e660f5,good,not_reviewed,train,/kaggle/working/maizeguard_v9_label_audit/maizeguard_ready_dataset/train/good/ck_cnn_good_000278.tiff
/kaggle/working/maizeguard_v9_label_audit/raw_public_sources/CK-CNN/dataset/individual/good/0084.tiff,good,ck_cnn,False,1e25726ce1182fcbefd7a3c31ec6dbfc25bdd3bf,174fefb25c267c75,good,not_reviewed,test,/kaggle/working/maizeguard_v9_label_audit/maizeguard_ready_dataset/test/good/ck_cnn_good_000279.tiff
/kaggle/working/maizeguard_v9_label_audit/raw_public_sources/CK-CNN/dataset/individual/broken/0024.tiff,broken,ck_cnn,False,ee619fdda8ab90b19bf5544a8295bb679a45ad55,02cc528cd4894c9f,broken,not_reviewed,train,/kaggle/working/maizeguard_v9_label_audit/maizeguard_ready_dataset/train/broken/ck_cnn_broken_000280.tiff
/kaggle/working/maizeguard_v9_label_audit/raw_public_sources/CK-CNN/dataset/individual/good/0095.tiff,good,ck_cnn,False,f6816e1d2b29aa21918e32fbacb2485de9879696,d5a87a6422e05bd3,good,not_reviewed,val,/kaggle/working/maizeguard_v9_label_audit/maizeguard_ready_dataset/val/good/ck_cnn_good_000281.tiff
/kaggle/working/maizeguard_v9_label_audit/raw_public_sources/CK-CNN/dataset/individual/good/0113.tiff,good,ck_cnn,False,839c3644431527d429564cf38b2374c0109033b0,c73d160941c31d0c,good,not_reviewed,train,/kaggle/working/maizeguard_v9_label_audit/maizeguard_ready_dataset/train/good/ck_cnn_good_000282.tiff
/kaggle/working/maizeguard_v9_label_audit/raw_public_sources/CK-CNN/dataset/individual/rotten/0042.tiff,mold_risk,ck_cnn,False,be10ddaa117a777247713bb3099893250336d3d3,2a329ce11c924f53,mold_risk,not_reviewed,train,/kaggle/working/maizeguard_v9_label_audit/maizeguard_ready_dataset/train/mold_risk/ck_cnn_mold_risk_000283.tiff
/kaggle/working/maizeguard_v9_label_audit/raw_public_sources/CK-CNN/dataset/individual/rotten/0001.tiff,mold_risk,ck_cnn,False,616bb9feeb1797b8dd96a4bc94c98fff66903d0f,7f237b8a5b8fee84,mold_risk,not_reviewed,test,/kaggle/working/maizeguard_v9_label_audit/maizeguard_ready_dataset/test/mold_risk/ck_cnn_mold_risk_000284.tiff
/kaggle/working/maizeguard_v9_label_audit/raw_public_sources/CK-CNN/dataset/individual/impurity/0019.tiff,impurity,ck_cnn,False,5f019d943ee930c02fbf0c90cd68cc3f63a8f39b,16245e3c73954991,impurity,not_reviewed,val,/kaggle/working/maizeguard_v9_label_audit/maizeguard_ready_dataset/val/impurity/ck_cnn_impurity_000285.tiff
/kaggle/working/maizeguard_v9_label_audit/raw_public_sources/CK-CNN/dataset/individual/broken/0038.tiff,broken,ck_cnn,False,b3bbde77e0a5a92165e79936b234012414c59538,d703f68c76aba90c,broken,not_reviewed,train,/kaggle/working/maizeguard_v9_label_audit/maizeguard_ready_dataset/train/broken/ck_cnn_broken_000286.tiff
/kaggle/working/maizeguard_v9_label_audit/raw_public_sources/CK-CNN/dataset/individual/rotten/0023.tiff,mold_risk,ck_cnn,False,df719f68887756bfdb448e5e910e3086a815f7b0,3120bd5775dfe75c,mold_risk,not_reviewed,train,/kaggle/working/maizeguard_v9_label_audit/maizeguard_ready_dataset/train/mold_risk/ck_cnn_mold_risk_000287.tiff
/kaggle/working/maizeguard_v9_label_audit/raw_public_sources/CK-CNN/dataset/individual/broken/0020.tiff,broken,ck_cnn,False,96f89012ba861277556e84c007af530c4bddc953,a38ea1e0fc7e9142,broken,not_reviewed,train,/kaggle/working/maizeguard_v9_label_audit/maizeguard_ready_dataset/train/broken/ck_cnn_broken_000288.tiff
/kaggle/working/maizeguard_v9_label_audit/raw_public_sources/CK-CNN/dataset/individual/impurity/0008.tiff,impurity,ck_cnn,False,66d08e4d4ca6a389b7f0a19940c9be2391a7c57c,0ddd1461f4b00b29,impurity,not_reviewed,train,/kaggle/working/maizeguard_v9_label_audit/maizeguard_ready_dataset/train/impurity/ck_cnn_impurity_000289.tiff
